-- MySQL dump 10.13  Distrib 5.7.12, for Win64 (x86_64)
--
-- Host: 127.0.0.1    Database: serverproject
-- ------------------------------------------------------
-- Server version	5.7.16-log

/*!40101 SET @OLD_CHARACTER_SET_CLIENT=@@CHARACTER_SET_CLIENT */;
/*!40101 SET @OLD_CHARACTER_SET_RESULTS=@@CHARACTER_SET_RESULTS */;
/*!40101 SET @OLD_COLLATION_CONNECTION=@@COLLATION_CONNECTION */;
/*!40101 SET NAMES utf8 */;
/*!40103 SET @OLD_TIME_ZONE=@@TIME_ZONE */;
/*!40103 SET TIME_ZONE='+00:00' */;
/*!40014 SET @OLD_UNIQUE_CHECKS=@@UNIQUE_CHECKS, UNIQUE_CHECKS=0 */;
/*!40014 SET @OLD_FOREIGN_KEY_CHECKS=@@FOREIGN_KEY_CHECKS, FOREIGN_KEY_CHECKS=0 */;
/*!40101 SET @OLD_SQL_MODE=@@SQL_MODE, SQL_MODE='NO_AUTO_VALUE_ON_ZERO' */;
/*!40111 SET @OLD_SQL_NOTES=@@SQL_NOTES, SQL_NOTES=0 */;

--
-- Table structure for table `handelsplaats`
--

DROP TABLE IF EXISTS `handelsplaats`;
/*!40101 SET @saved_cs_client     = @@character_set_client */;
/*!40101 SET character_set_client = utf8 */;
CREATE TABLE `handelsplaats` (
  `idHandelsplaats` int(11) NOT NULL AUTO_INCREMENT,
  `handelsplaatsNaam` varchar(45) NOT NULL,
  PRIMARY KEY (`idHandelsplaats`)
) ENGINE=InnoDB AUTO_INCREMENT=3 DEFAULT CHARSET=utf8;
/*!40101 SET character_set_client = @saved_cs_client */;

--
-- Dumping data for table `handelsplaats`
--

LOCK TABLES `handelsplaats` WRITE;
/*!40000 ALTER TABLE `handelsplaats` DISABLE KEYS */;
INSERT INTO `handelsplaats` VALUES (1,'bittrex'),(2,'poloniex');
/*!40000 ALTER TABLE `handelsplaats` ENABLE KEYS */;
UNLOCK TABLES;

--
-- Table structure for table `marktlijsten`
--

DROP TABLE IF EXISTS `marktlijsten`;
/*!40101 SET @saved_cs_client     = @@character_set_client */;
/*!40101 SET character_set_client = utf8 */;
CREATE TABLE `marktlijsten` (
  `naamMarkt` varchar(45) NOT NULL,
  `minimumTrade` double NOT NULL DEFAULT '0',
  `idMarktNaam` int(11) NOT NULL,
  `idHandelsplaats` int(11) NOT NULL,
  PRIMARY KEY (`idMarktNaam`,`idHandelsplaats`)
) ENGINE=InnoDB DEFAULT CHARSET=utf8;
/*!40101 SET character_set_client = @saved_cs_client */;

--
-- Dumping data for table `marktlijsten`
--

LOCK TABLES `marktlijsten` WRITE;
/*!40000 ALTER TABLE `marktlijsten` DISABLE KEYS */;
INSERT INTO `marktlijsten` VALUES ('BTC-ETH',0,10903,1),('BTC_ETH',0,10903,2),('BTC_BCH',0,10904,2),('BTC-XRP',0,10905,1),('BTC_XRP',0,10905,2),('BTC-LTC',0,10906,1),('BTC_LTC',0,10906,2),('BTC-DASH',0,10907,1),('BTC_DASH',0,10907,2),('BTC-XEM',0,10908,1),('BTC_XEM',0,10908,2),('BTC-XMR',0,10909,1),('BTC_XMR',0,10909,2),('BTC-ETC',0,10910,1),('BTC_ETC',0,10910,2),('BTC-LSK',0,10911,1),('BTC_LSK',0,10911,2),('BTC-STRAT',0,10912,1),('BTC_STRAT',0,10912,2),('BTC-ZEC',0,10913,1),('BTC_ZEC',0,10913,2),('BTC-STEEM',0,10914,1),('BTC_STEEM',0,10914,2),('BTC_BCN',0,10915,2),('BTC-BTS',0,10916,1),('BTC_BTS',0,10916,2),('BTC-MAID',0,10917,1),('BTC_MAID',0,10917,2),('BTC-GNT',0,10918,1),('BTC_GNT',0,10918,2),('BTC-REP',0,10919,1),('BTC_REP',0,10919,2),('BTC-FCT',0,10920,1),('BTC_FCT',0,10920,2),('BTC-SC',0,10921,1),('BTC_SC',0,10921,2),('BTC-SYS',0,10922,1),('BTC_SYS',0,10922,2),('BTC-DCR',0,10923,1),('BTC_DCR',0,10923,2),('BTC-DOGE',0,10924,1),('BTC_DOGE',0,10924,2),('BTC-CVC',0,10925,1),('BTC_CVC',0,10925,2),('BTC-DGB',0,10926,1),('BTC_DGB',0,10926,2),('BTC-GNO',0,10927,1),('BTC_GNO',0,10927,2),('BTC-ARDR',0,10928,1),('BTC_ARDR',0,10928,2),('BTC_ZRX',0,10929,2),('BTC-BTCD',0,10930,1),('BTC_BTCD',0,10930,2),('BTC-GAME',0,10931,1),('BTC_GAME',0,10931,2),('BTC-NXT',0,10932,1),('BTC_NXT',0,10932,2),('BTC-NAV',0,10933,1),('BTC_NAV',0,10933,2),('BTC_BTM',0,10934,2),('BTC-PPC',0,10935,1),('BTC_PPC',0,10935,2),('BTC-VTC',0,10936,1),('BTC_VTC',0,10936,2),('BTC-XCP',0,10937,1),('BTC_XCP',0,10937,2),('BTC-VIA',0,10938,1),('BTC_VIA',0,10938,2),('BTC-BURST',0,10939,1),('BTC_BURST',0,10939,2),('BTC-EXP',0,10940,1),('BTC_EXP',0,10940,2),('BTC_NMC',0,10941,2),('BTC-LBC',0,10942,1),('BTC_LBC',0,10942,2),('BTC-RADS',0,10943,1),('BTC_RADS',0,10943,2),('BTC-POT',0,10944,1),('BTC_POT',0,10944,2),('BTC-CLAM',0,10945,1),('BTC_CLAM',0,10945,2),('BTC-OMNI',0,10946,1),('BTC_OMNI',0,10946,2),('BTC-NXC',0,10947,1),('BTC_NXC',0,10947,2),('BTC-AMP',0,10948,1),('BTC_AMP',0,10948,2),('BTC-NEOS',0,10949,1),('BTC_NEOS',0,10949,2),('BTC-BLK',0,10950,1),('BTC_BLK',0,10950,2),('BTC-GRC',0,10951,1),('BTC_GRC',0,10951,2),('BTC-FLO',0,10952,1),('BTC_FLO',0,10952,2),('BTC-VRC',0,10953,1),('BTC_VRC',0,10953,2),('BTC-PINK',0,10954,1),('BTC_PINK',0,10954,2),('BTC-BCY',0,10955,1),('BTC_BCY',0,10955,2),('BTC_NOTE',0,10956,2),('BTC-EMC2',0,10957,1),('BTC_EMC2',0,10957,2),('BTC_XBC',0,10958,2),('BTC-FLDC',0,10959,1),('BTC_FLDC',0,10959,2),('BTC-XVC',0,10960,1),('BTC_XVC',0,10960,2),('BTC_BELA',0,10961,2),('BTC_PASC',0,10962,2),('BTC_XPM',0,10963,2),('BTC-SBD',0,10964,1),('BTC_SBD',0,10964,2),('BTC_NAUT',0,10965,2),('BTC_HUC',0,10966,2),('BTC_RIC',0,10967,2),('BTC_SJCX',0,10968,2),('ETH_BCH',0,10969,2),('ETH-ETC',0,10970,1),('ETH_ETC',0,10970,2),('ETH_LSK',0,10971,2),('ETH-ZEC',0,10972,1),('ETH_ZEC',0,10972,2),('ETH_STEEM',0,10973,2),('ETH-GNT',0,10974,1),('ETH_GNT',0,10974,2),('ETH-REP',0,10975,1),('ETH_REP',0,10975,2),('ETH-CVC',0,10976,1),('ETH_CVC',0,10976,2),('ETH-GNO',0,10977,1),('ETH_GNO',0,10977,2),('ETH_ZRX',0,10978,2),('XMR_LTC',0,10979,2),('XMR_DASH',0,10980,2),('XMR_ZEC',0,10981,2),('XMR_BCN',0,10982,2),('XMR_MAID',0,10983,2),('XMR_BTCD',0,10984,2),('XMR_NXT',0,10985,2),('XMR_BLK',0,10986,2),('BTC-FTC',0,10987,1),('BTC-RDD',0,10988,1),('BTC-XMY',0,10989,1),('BTC-AUR',0,10990,1),('BTC-EFL',0,10991,1),('BTC-GLD',0,10992,1),('BTC-SLR',0,10993,1),('BTC-PTC',0,10994,1),('BTC-GRS',0,10995,1),('BTC-NLG',0,10996,1),('BTC-RBY',0,10997,1),('BTC-XWC',0,10998,1),('BTC-MONA',0,10999,1),('BTC-THC',0,11000,1),('BTC-ENRG',0,11001,1),('BTC-ERC',0,11002,1),('BTC-CURE',0,11003,1),('BTC-CLOAK',0,11004,1),('BTC-START',0,11005,1),('BTC-KORE',0,11006,1),('BTC-XDN',0,11007,1),('BTC-TRUST',0,11008,1),('BTC-XST',0,11009,1),('BTC-UNO',0,11010,1),('BTC-IOC',0,11011,1),('BTC-CANN',0,11012,1),('BTC-EXCL',0,11013,1),('BTC-SWIFT',0,11014,1),('BTC-DOPE',0,11015,1),('BTC-BLOCK',0,11016,1),('BTC-ABY',0,11017,1),('BTC-BYC',0,11018,1),('BTC-XMG',0,11019,1),('BTC-BLITZ',0,11020,1),('BTC-BAY',0,11021,1),('BTC-FAIR',0,11022,1),('BTC-SPR',0,11023,1),('BTC-VTR',0,11024,1),('BTC-COVAL',0,11025,1),('BTC-NXS',0,11026,1),('BTC-BITB',0,11027,1),('BTC-GEO',0,11028,1),('BTC-NBT',0,11029,1),('BTC-MUE',0,11030,1),('BTC-DMD',0,11031,1),('BTC-GAM',0,11032,1),('BTC-SPHR',0,11033,1),('BTC-OK',0,11034,1),('BTC-SNRG',0,11035,1),('BTC-PKB',0,11036,1),('BTC-CPC',0,11037,1),('BTC-AEON',0,11038,1),('BTC-GCR',0,11039,1),('BTC-TX',0,11040,1),('BTC-INFX',0,11041,1),('BTC-AGRS',0,11042,1),('BTC-XLM',0,11043,1),('BTC-BTA',0,11044,1),('USDT-BTC',0,11045,1),('BTC-CLUB',0,11046,1),('BTC-VOX',0,11047,1),('BTC-EMC',0,11048,1),('BTC-EGC',0,11049,1),('BTC-SLS',0,11050,1),('BTC-SAFEX',0,11051,1),('BTC-BSD',0,11052,1),('BTC-XVG',0,11053,1),('BTC-PIVX',0,11054,1),('BTC-MEME',0,11055,1),('BTC-2GIVE',0,11056,1),('BTC-PDC',0,11057,1),('BTC-BRK',0,11058,1),('BTC-DGD',0,11059,1),('ETH-DGD',0,11060,1),('BTC-WAVES',0,11061,1),('BTC-RISE',0,11062,1),('BTC-BRX',0,11063,1),('BTC-DRACO',0,11064,1),('BTC-UNB',0,11065,1),('BTC-SYNX',0,11066,1),('BTC-TRIG',0,11067,1),('BTC-EBST',0,11068,1),('BTC-VRM',0,11069,1),('BTC-SEQ',0,11070,1),('BTC-XAUR',0,11071,1),('BTC-SNGLS',0,11072,1),('BTC-SHIFT',0,11073,1),('BTC-XZC',0,11074,1),('BTC-NEO',0,11075,1),('BTC-ZCL',0,11076,1),('BTC-IOP',0,11077,1),('BTC-DAR',0,11078,1),('BTC-GOLOS',0,11079,1),('BTC-UBQ',0,11080,1),('BTC-KMD',0,11081,1),('BTC-GBG',0,11082,1),('BTC-SIB',0,11083,1),('BTC-ION',0,11084,1),('BTC-LMC',0,11085,1),('BTC-QWARK',0,11086,1),('BTC-CRW',0,11087,1),('BTC-SWT',0,11088,1),('BTC-TIME',0,11089,1),('BTC-MLN',0,11090,1),('BTC-ARK',0,11091,1),('BTC-DYN',0,11092,1),('BTC-TKS',0,11093,1),('BTC-MUSIC',0,11094,1),('BTC-DTB',0,11095,1),('BTC-INCNT',0,11096,1),('BTC-GBYTE',0,11097,1),('BTC-EDG',0,11098,1),('BTC-LGD',0,11099,1),('BTC-TRST',0,11100,1),('USDT-ETH',0,11101,1),('ETH-WINGS',0,11102,1),('BTC-WINGS',0,11103,1),('BTC-RLC',0,11104,1),('BTC-GUP',0,11105,1),('BTC-LUN',0,11106,1),('ETH-GUP',0,11107,1),('ETH-RLC',0,11108,1),('ETH-LUN',0,11109,1),('ETH-SNGLS',0,11110,1),('BTC-APX',0,11111,1),('BTC-TKN',0,11112,1),('ETH-TKN',0,11113,1),('BTC-HMQ',0,11114,1),('ETH-HMQ',0,11115,1),('BTC-ANT',0,11116,1),('ETH-TRST',0,11117,1),('ETH-ANT',0,11118,1),('ETH-BAT',0,11119,1),('BTC-BAT',0,11120,1),('BTC-ZEN',0,11121,1),('BTC-1ST',0,11122,1),('BTC-QRL',0,11123,1),('ETH-1ST',0,11124,1),('ETH-QRL',0,11125,1),('BTC-CRB',0,11126,1),('ETH-CRB',0,11127,1),('ETH-LGD',0,11128,1),('BTC-PTOY',0,11129,1),('ETH-PTOY',0,11130,1),('BTC-MYST',0,11131,1),('ETH-MYST',0,11132,1),('BTC-CFI',0,11133,1),('ETH-CFI',0,11134,1),('BTC-BNT',0,11135,1),('ETH-BNT',0,11136,1),('BTC-NMR',0,11137,1),('ETH-NMR',0,11138,1),('ETH-TIME',0,11139,1),('ETH-LTC',0,11140,1),('ETH-XRP',0,11141,1),('BTC-SNT',0,11142,1),('ETH-SNT',0,11143,1),('BTC-DCT',0,11144,1),('BTC-XEL',0,11145,1),('BTC-MCO',0,11146,1),('ETH-MCO',0,11147,1),('BTC-ADT',0,11148,1),('ETH-ADT',0,11149,1),('BTC-FUN',0,11150,1),('ETH-FUN',0,11151,1),('BTC-PAY',0,11152,1),('ETH-PAY',0,11153,1),('BTC-MTL',0,11154,1),('ETH-MTL',0,11155,1),('BTC-STORJ',0,11156,1),('ETH-STORJ',0,11157,1),('BTC-ADX',0,11158,1),('ETH-ADX',0,11159,1),('ETH-DASH',0,11160,1),('ETH-SC',0,11161,1),('USDT-ZEC',0,11162,1),('USDT-LTC',0,11163,1),('USDT-ETC',0,11164,1),('USDT-XRP',0,11165,1),('BTC-OMG',0,11166,1),('BTC_OMG',0,11166,2),('ETH-OMG',0,11167,1),('ETH_OMG',0,11167,2),('BTC-PART',0,11168,1),('BTC-QTUM',0,11169,1),('ETH-QTUM',0,11170,1),('ETH-XMR',0,11171,1),('ETH-XEM',0,11172,1),('ETH-XLM',0,11173,1),('ETH-NEO',0,11174,1),('USDT-XMR',0,11175,1),('USDT-DASH',0,11176,1),('ETH-BCC',0,11177,1),('USDT-BCC',0,11178,1),('BTC-BCC',0,11179,1),('USDT-NEO',0,11180,1),('ETH-WAVES',0,11181,1),('ETH-STRAT',0,11182,1),('ETH-DGB',0,11183,1),('ETH-FCT',0,11184,1),('ETH-BTS',0,11185,1);
/*!40000 ALTER TABLE `marktlijsten` ENABLE KEYS */;
UNLOCK TABLES;

--
-- Temporary view structure for view `marktlijstvolv1`
--

DROP TABLE IF EXISTS `marktlijstvolv1`;
/*!50001 DROP VIEW IF EXISTS `marktlijstvolv1`*/;
SET @saved_cs_client     = @@character_set_client;
SET character_set_client = utf8;
/*!50001 CREATE VIEW `marktlijstvolv1` AS SELECT 
 1 AS `handelsplaatsNaam`,
 1 AS `marktnaamDb`,
 1 AS `naamMarkt`*/;
SET character_set_client = @saved_cs_client;

--
-- Table structure for table `marktnaam`
--

DROP TABLE IF EXISTS `marktnaam`;
/*!40101 SET @saved_cs_client     = @@character_set_client */;
/*!40101 SET character_set_client = utf8 */;
CREATE TABLE `marktnaam` (
  `idMarktNaam` int(11) NOT NULL AUTO_INCREMENT,
  `marktnaamDb` varchar(45) NOT NULL,
  `baseCoin` varchar(45) NOT NULL,
  `marktCurrency` varchar(45) NOT NULL,
  PRIMARY KEY (`idMarktNaam`)
) ENGINE=InnoDB AUTO_INCREMENT=11186 DEFAULT CHARSET=utf8;
/*!40101 SET character_set_client = @saved_cs_client */;

--
-- Dumping data for table `marktnaam`
--

LOCK TABLES `marktnaam` WRITE;
/*!40000 ALTER TABLE `marktnaam` DISABLE KEYS */;
INSERT INTO `marktnaam` VALUES (10903,'BTC-ETH','BTC','ETH'),(10904,'BTC-BCH','BTC','BCH'),(10905,'BTC-XRP','BTC','XRP'),(10906,'BTC-LTC','BTC','LTC'),(10907,'BTC-DASH','BTC','DASH'),(10908,'BTC-XEM','BTC','XEM'),(10909,'BTC-XMR','BTC','XMR'),(10910,'BTC-ETC','BTC','ETC'),(10911,'BTC-LSK','BTC','LSK'),(10912,'BTC-STRAT','BTC','STRAT'),(10913,'BTC-ZEC','BTC','ZEC'),(10914,'BTC-STEEM','BTC','STEEM'),(10915,'BTC-BCN','BTC','BCN'),(10916,'BTC-BTS','BTC','BTS'),(10917,'BTC-MAID','BTC','MAID'),(10918,'BTC-GNT','BTC','GNT'),(10919,'BTC-REP','BTC','REP'),(10920,'BTC-FCT','BTC','FCT'),(10921,'BTC-SC','BTC','SC'),(10922,'BTC-SYS','BTC','SYS'),(10923,'BTC-DCR','BTC','DCR'),(10924,'BTC-DOGE','BTC','DOGE'),(10925,'BTC-CVC','BTC','CVC'),(10926,'BTC-DGB','BTC','DGB'),(10927,'BTC-GNO','BTC','GNO'),(10928,'BTC-ARDR','BTC','ARDR'),(10929,'BTC-ZRX','BTC','ZRX'),(10930,'BTC-BTCD','BTC','BTCD'),(10931,'BTC-GAME','BTC','GAME'),(10932,'BTC-NXT','BTC','NXT'),(10933,'BTC-NAV','BTC','NAV'),(10934,'BTC-BTM','BTC','BTM'),(10935,'BTC-PPC','BTC','PPC'),(10936,'BTC-VTC','BTC','VTC'),(10937,'BTC-XCP','BTC','XCP'),(10938,'BTC-VIA','BTC','VIA'),(10939,'BTC-BURST','BTC','BURST'),(10940,'BTC-EXP','BTC','EXP'),(10941,'BTC-NMC','BTC','NMC'),(10942,'BTC-LBC','BTC','LBC'),(10943,'BTC-RADS','BTC','RADS'),(10944,'BTC-POT','BTC','POT'),(10945,'BTC-CLAM','BTC','CLAM'),(10946,'BTC-OMNI','BTC','OMNI'),(10947,'BTC-NXC','BTC','NXC'),(10948,'BTC-AMP','BTC','AMP'),(10949,'BTC-NEOS','BTC','NEOS'),(10950,'BTC-BLK','BTC','BLK'),(10951,'BTC-GRC','BTC','GRC'),(10952,'BTC-FLO','BTC','FLO'),(10953,'BTC-VRC','BTC','VRC'),(10954,'BTC-PINK','BTC','PINK'),(10955,'BTC-BCY','BTC','BCY'),(10956,'BTC-NOTE','BTC','NOTE'),(10957,'BTC-EMC2','BTC','EMC2'),(10958,'BTC-XBC','BTC','XBC'),(10959,'BTC-FLDC','BTC','FLDC'),(10960,'BTC-XVC','BTC','XVC'),(10961,'BTC-BELA','BTC','BELA'),(10962,'BTC-PASC','BTC','PASC'),(10963,'BTC-XPM','BTC','XPM'),(10964,'BTC-SBD','BTC','SBD'),(10965,'BTC-NAUT','BTC','NAUT'),(10966,'BTC-HUC','BTC','HUC'),(10967,'BTC-RIC','BTC','RIC'),(10968,'BTC-SJCX','BTC','SJCX'),(10969,'ETH-BCH','ETH','BCH'),(10970,'ETH-ETC','ETH','ETC'),(10971,'ETH-LSK','ETH','LSK'),(10972,'ETH-ZEC','ETH','ZEC'),(10973,'ETH-STEEM','ETH','STEEM'),(10974,'ETH-GNT','ETH','GNT'),(10975,'ETH-REP','ETH','REP'),(10976,'ETH-CVC','ETH','CVC'),(10977,'ETH-GNO','ETH','GNO'),(10978,'ETH-ZRX','ETH','ZRX'),(10979,'XMR-LTC','XMR','LTC'),(10980,'XMR-DASH','XMR','DASH'),(10981,'XMR-ZEC','XMR','ZEC'),(10982,'XMR-BCN','XMR','BCN'),(10983,'XMR-MAID','XMR','MAID'),(10984,'XMR-BTCD','XMR','BTCD'),(10985,'XMR-NXT','XMR','NXT'),(10986,'XMR-BLK','XMR','BLK'),(10987,'BTC-FTC','BTC','FTC'),(10988,'BTC-RDD','BTC','RDD'),(10989,'BTC-XMY','BTC','XMY'),(10990,'BTC-AUR','BTC','AUR'),(10991,'BTC-EFL','BTC','EFL'),(10992,'BTC-GLD','BTC','GLD'),(10993,'BTC-SLR','BTC','SLR'),(10994,'BTC-PTC','BTC','PTC'),(10995,'BTC-GRS','BTC','GRS'),(10996,'BTC-NLG','BTC','NLG'),(10997,'BTC-RBY','BTC','RBY'),(10998,'BTC-XWC','BTC','XWC'),(10999,'BTC-MONA','BTC','MONA'),(11000,'BTC-THC','BTC','THC'),(11001,'BTC-ENRG','BTC','ENRG'),(11002,'BTC-ERC','BTC','ERC'),(11003,'BTC-CURE','BTC','CURE'),(11004,'BTC-CLOAK','BTC','CLOAK'),(11005,'BTC-START','BTC','START'),(11006,'BTC-KORE','BTC','KORE'),(11007,'BTC-XDN','BTC','XDN'),(11008,'BTC-TRUST','BTC','TRUST'),(11009,'BTC-XST','BTC','XST'),(11010,'BTC-UNO','BTC','UNO'),(11011,'BTC-IOC','BTC','IOC'),(11012,'BTC-CANN','BTC','CANN'),(11013,'BTC-EXCL','BTC','EXCL'),(11014,'BTC-SWIFT','BTC','SWIFT'),(11015,'BTC-DOPE','BTC','DOPE'),(11016,'BTC-BLOCK','BTC','BLOCK'),(11017,'BTC-ABY','BTC','ABY'),(11018,'BTC-BYC','BTC','BYC'),(11019,'BTC-XMG','BTC','XMG'),(11020,'BTC-BLITZ','BTC','BLITZ'),(11021,'BTC-BAY','BTC','BAY'),(11022,'BTC-FAIR','BTC','FAIR'),(11023,'BTC-SPR','BTC','SPR'),(11024,'BTC-VTR','BTC','VTR'),(11025,'BTC-COVAL','BTC','COVAL'),(11026,'BTC-NXS','BTC','NXS'),(11027,'BTC-BITB','BTC','BITB'),(11028,'BTC-GEO','BTC','GEO'),(11029,'BTC-NBT','BTC','NBT'),(11030,'BTC-MUE','BTC','MUE'),(11031,'BTC-DMD','BTC','DMD'),(11032,'BTC-GAM','BTC','GAM'),(11033,'BTC-SPHR','BTC','SPHR'),(11034,'BTC-OK','BTC','OK'),(11035,'BTC-SNRG','BTC','SNRG'),(11036,'BTC-PKB','BTC','PKB'),(11037,'BTC-CPC','BTC','CPC'),(11038,'BTC-AEON','BTC','AEON'),(11039,'BTC-GCR','BTC','GCR'),(11040,'BTC-TX','BTC','TX'),(11041,'BTC-INFX','BTC','INFX'),(11042,'BTC-AGRS','BTC','AGRS'),(11043,'BTC-XLM','BTC','XLM'),(11044,'BTC-BTA','BTC','BTA'),(11045,'USDT-BTC','USDT','BTC'),(11046,'BTC-CLUB','BTC','CLUB'),(11047,'BTC-VOX','BTC','VOX'),(11048,'BTC-EMC','BTC','EMC'),(11049,'BTC-EGC','BTC','EGC'),(11050,'BTC-SLS','BTC','SLS'),(11051,'BTC-SAFEX','BTC','SAFEX'),(11052,'BTC-BSD','BTC','BSD'),(11053,'BTC-XVG','BTC','XVG'),(11054,'BTC-PIVX','BTC','PIVX'),(11055,'BTC-MEME','BTC','MEME'),(11056,'BTC-2GIVE','BTC','2GIVE'),(11057,'BTC-PDC','BTC','PDC'),(11058,'BTC-BRK','BTC','BRK'),(11059,'BTC-DGD','BTC','DGD'),(11060,'ETH-DGD','ETH','DGD'),(11061,'BTC-WAVES','BTC','WAVES'),(11062,'BTC-RISE','BTC','RISE'),(11063,'BTC-BRX','BTC','BRX'),(11064,'BTC-DRACO','BTC','DRACO'),(11065,'BTC-UNB','BTC','UNB'),(11066,'BTC-SYNX','BTC','SYNX'),(11067,'BTC-TRIG','BTC','TRIG'),(11068,'BTC-EBST','BTC','EBST'),(11069,'BTC-VRM','BTC','VRM'),(11070,'BTC-SEQ','BTC','SEQ'),(11071,'BTC-XAUR','BTC','XAUR'),(11072,'BTC-SNGLS','BTC','SNGLS'),(11073,'BTC-SHIFT','BTC','SHIFT'),(11074,'BTC-XZC','BTC','XZC'),(11075,'BTC-NEO','BTC','NEO'),(11076,'BTC-ZCL','BTC','ZCL'),(11077,'BTC-IOP','BTC','IOP'),(11078,'BTC-DAR','BTC','DAR'),(11079,'BTC-GOLOS','BTC','GOLOS'),(11080,'BTC-UBQ','BTC','UBQ'),(11081,'BTC-KMD','BTC','KMD'),(11082,'BTC-GBG','BTC','GBG'),(11083,'BTC-SIB','BTC','SIB'),(11084,'BTC-ION','BTC','ION'),(11085,'BTC-LMC','BTC','LMC'),(11086,'BTC-QWARK','BTC','QWARK'),(11087,'BTC-CRW','BTC','CRW'),(11088,'BTC-SWT','BTC','SWT'),(11089,'BTC-TIME','BTC','TIME'),(11090,'BTC-MLN','BTC','MLN'),(11091,'BTC-ARK','BTC','ARK'),(11092,'BTC-DYN','BTC','DYN'),(11093,'BTC-TKS','BTC','TKS'),(11094,'BTC-MUSIC','BTC','MUSIC'),(11095,'BTC-DTB','BTC','DTB'),(11096,'BTC-INCNT','BTC','INCNT'),(11097,'BTC-GBYTE','BTC','GBYTE'),(11098,'BTC-EDG','BTC','EDG'),(11099,'BTC-LGD','BTC','LGD'),(11100,'BTC-TRST','BTC','TRST'),(11101,'USDT-ETH','USDT','ETH'),(11102,'ETH-WINGS','ETH','WINGS'),(11103,'BTC-WINGS','BTC','WINGS'),(11104,'BTC-RLC','BTC','RLC'),(11105,'BTC-GUP','BTC','GUP'),(11106,'BTC-LUN','BTC','LUN'),(11107,'ETH-GUP','ETH','GUP'),(11108,'ETH-RLC','ETH','RLC'),(11109,'ETH-LUN','ETH','LUN'),(11110,'ETH-SNGLS','ETH','SNGLS'),(11111,'BTC-APX','BTC','APX'),(11112,'BTC-TKN','BTC','TKN'),(11113,'ETH-TKN','ETH','TKN'),(11114,'BTC-HMQ','BTC','HMQ'),(11115,'ETH-HMQ','ETH','HMQ'),(11116,'BTC-ANT','BTC','ANT'),(11117,'ETH-TRST','ETH','TRST'),(11118,'ETH-ANT','ETH','ANT'),(11119,'ETH-BAT','ETH','BAT'),(11120,'BTC-BAT','BTC','BAT'),(11121,'BTC-ZEN','BTC','ZEN'),(11122,'BTC-1ST','BTC','1ST'),(11123,'BTC-QRL','BTC','QRL'),(11124,'ETH-1ST','ETH','1ST'),(11125,'ETH-QRL','ETH','QRL'),(11126,'BTC-CRB','BTC','CRB'),(11127,'ETH-CRB','ETH','CRB'),(11128,'ETH-LGD','ETH','LGD'),(11129,'BTC-PTOY','BTC','PTOY'),(11130,'ETH-PTOY','ETH','PTOY'),(11131,'BTC-MYST','BTC','MYST'),(11132,'ETH-MYST','ETH','MYST'),(11133,'BTC-CFI','BTC','CFI'),(11134,'ETH-CFI','ETH','CFI'),(11135,'BTC-BNT','BTC','BNT'),(11136,'ETH-BNT','ETH','BNT'),(11137,'BTC-NMR','BTC','NMR'),(11138,'ETH-NMR','ETH','NMR'),(11139,'ETH-TIME','ETH','TIME'),(11140,'ETH-LTC','ETH','LTC'),(11141,'ETH-XRP','ETH','XRP'),(11142,'BTC-SNT','BTC','SNT'),(11143,'ETH-SNT','ETH','SNT'),(11144,'BTC-DCT','BTC','DCT'),(11145,'BTC-XEL','BTC','XEL'),(11146,'BTC-MCO','BTC','MCO'),(11147,'ETH-MCO','ETH','MCO'),(11148,'BTC-ADT','BTC','ADT'),(11149,'ETH-ADT','ETH','ADT'),(11150,'BTC-FUN','BTC','FUN'),(11151,'ETH-FUN','ETH','FUN'),(11152,'BTC-PAY','BTC','PAY'),(11153,'ETH-PAY','ETH','PAY'),(11154,'BTC-MTL','BTC','MTL'),(11155,'ETH-MTL','ETH','MTL'),(11156,'BTC-STORJ','BTC','STORJ'),(11157,'ETH-STORJ','ETH','STORJ'),(11158,'BTC-ADX','BTC','ADX'),(11159,'ETH-ADX','ETH','ADX'),(11160,'ETH-DASH','ETH','DASH'),(11161,'ETH-SC','ETH','SC'),(11162,'USDT-ZEC','USDT','ZEC'),(11163,'USDT-LTC','USDT','LTC'),(11164,'USDT-ETC','USDT','ETC'),(11165,'USDT-XRP','USDT','XRP'),(11166,'BTC-OMG','BTC','OMG'),(11167,'ETH-OMG','ETH','OMG'),(11168,'BTC-PART','BTC','PART'),(11169,'BTC-QTUM','BTC','QTUM'),(11170,'ETH-QTUM','ETH','QTUM'),(11171,'ETH-XMR','ETH','XMR'),(11172,'ETH-XEM','ETH','XEM'),(11173,'ETH-XLM','ETH','XLM'),(11174,'ETH-NEO','ETH','NEO'),(11175,'USDT-XMR','USDT','XMR'),(11176,'USDT-DASH','USDT','DASH'),(11177,'ETH-BCC','ETH','BCC'),(11178,'USDT-BCC','USDT','BCC'),(11179,'BTC-BCC','BTC','BCC'),(11180,'USDT-NEO','USDT','NEO'),(11181,'ETH-WAVES','ETH','WAVES'),(11182,'ETH-STRAT','ETH','STRAT'),(11183,'ETH-DGB','ETH','DGB'),(11184,'ETH-FCT','ETH','FCT'),(11185,'ETH-BTS','ETH','BTS');
/*!40000 ALTER TABLE `marktnaam` ENABLE KEYS */;
UNLOCK TABLES;

--
-- Table structure for table `marktupdate`
--

DROP TABLE IF EXISTS `marktupdate`;
/*!40101 SET @saved_cs_client     = @@character_set_client */;
/*!40101 SET character_set_client = utf8 */;
CREATE TABLE `marktupdate` (
  `high` double NOT NULL,
  `low` double NOT NULL,
  `volume` double NOT NULL,
  `volumeBTC` double NOT NULL,
  `bid` double NOT NULL,
  `ask` double NOT NULL,
  `last` double NOT NULL,
  `idMarktNaam` int(11) NOT NULL,
  `idHandelsplaats` int(11) NOT NULL,
  PRIMARY KEY (`idMarktNaam`,`idHandelsplaats`)
) ENGINE=InnoDB DEFAULT CHARSET=utf8;
/*!40101 SET character_set_client = @saved_cs_client */;

--
-- Dumping data for table `marktupdate`
--

LOCK TABLES `marktupdate` WRITE;
/*!40000 ALTER TABLE `marktupdate` DISABLE KEYS */;
/*!40000 ALTER TABLE `marktupdate` ENABLE KEYS */;
UNLOCK TABLES;

--
-- Table structure for table `marktupdatehistory`
--

DROP TABLE IF EXISTS `marktupdatehistory`;
/*!40101 SET @saved_cs_client     = @@character_set_client */;
/*!40101 SET character_set_client = utf8 */;
CREATE TABLE `marktupdatehistory` (
  `idauto` int(11) NOT NULL AUTO_INCREMENT,
  `high` double NOT NULL,
  `low` double NOT NULL,
  `volume` double NOT NULL,
  `volumeBTC` double NOT NULL,
  `bid` double NOT NULL,
  `ask` double NOT NULL,
  `last` double NOT NULL,
  `idMarktNaam` int(11) NOT NULL,
  `idHandelsplaats` int(11) NOT NULL,
  `idtimestamp` int(11) NOT NULL,
  PRIMARY KEY (`idauto`,`idMarktNaam`,`idHandelsplaats`,`idtimestamp`)
) ENGINE=InnoDB AUTO_INCREMENT=609 DEFAULT CHARSET=utf8;
/*!40101 SET character_set_client = @saved_cs_client */;

--
-- Dumping data for table `marktupdatehistory`
--

LOCK TABLES `marktupdatehistory` WRITE;
/*!40000 ALTER TABLE `marktupdatehistory` DISABLE KEYS */;
INSERT INTO `marktupdatehistory` VALUES (1,0.07595384,0.06855501,79161.07938405,5824.275624070685,0.0735001,0.07359497,0.07357499,10903,1,4),(2,0.07595384,0.06855501,79057.96967087,5810.772629504396,0.07350015,0.07358763,0.07350015,10903,1,5),(3,0.00004947,0.00004725,18911598.84584312,894.3295094199212,0.0000473,0.00004751,0.00004729,10905,1,5),(4,0.014119,0.01368001,108635.45513119,1506.584736977677,0.01386601,0.01394499,0.01386826,10906,1,5),(5,0.08835749,0.08138745,8189.6077607,683.8379807438824,0.0835,0.08350069,0.0835007,10907,1,4),(6,0.08835749,0.08138745,8189.59162247,683.8365512944646,0.0835,0.08350069,0.08350069,10907,1,5),(7,0.0000596,0.00005574,9313802.88131218,549.9800601414843,0.00005905,0.00005928,0.00005905,10908,1,5),(8,0.0262,0.02480823,17690.26144621,444.025562299871,0.02515006,0.02519193,0.0251,10909,1,5),(9,0.00311056,0.00295316,195355.67225264,586.0806916549777,0.00300007,0.00300995,0.00300007,10910,1,4),(10,0.00311056,0.00295316,195437.98660148,587.6800713307844,0.00300007,0.0030002,0.00300699,10910,1,5),(11,0.001589,0.00147071,541893.75595691,852.052066116407,0.00156763,0.00157229,0.00157236,10911,1,5),(12,0.001244,0.00116045,421968.76748935,494.1676236067778,0.00117101,0.0011711,0.0011711,10912,1,5),(13,0.04985821,0.047691,10781.53764183,520.190000081295,0.04824821,0.04859999,0.04824822,10913,1,5),(14,0.00031509,0.000293,342997.08067287,104.97425653993186,0.00030605,0.00030607,0.00030605,10914,1,5),(15,0.00002379,0.00001997,54722064.41653657,1242.1908622553801,0.00002265,0.0000227,0.0000227,10916,1,4),(16,0.00002379,0.00001997,54681010.01298483,1238.5248767941064,0.00002265,0.0000227,0.00002265,10916,1,5),(17,0.00014822,0.000139,684212.61467431,99.36135590300329,0.00014427,0.00014522,0.00014522,10917,1,5),(18,0.00006789,0.00006501,1465748.5852805,98.5129624167024,0.00006721,0.00006729,0.00006721,10918,1,4),(19,0.00006789,0.00006501,1465748.5852805,98.5129624167024,0.00006721,0.00006729,0.00006721,10918,1,5),(20,0.00482862,0.00440001,12608.00664436,59.225480811548884,0.00465405,0.00469756,0.00469745,10919,1,5),(21,0.00503977,0.004545,29298.11867989,140.39658471403288,0.00479207,0.00484239,0.004792,10920,1,4),(22,0.00503977,0.004545,29298.11867989,140.39658471403288,0.00479207,0.00484239,0.004792,10920,1,5),(23,0.00000133,0.00000123,293415450.65884674,387.3083948696777,0.00000131,0.00000132,0.00000132,10921,1,5),(24,0.00005115,0.00004725,4690000.57187413,228.87202790745752,0.0000487,0.0000488,0.0000488,10922,1,5),(25,0.00831664,0.00789178,16641.25057117,131.32908843254796,0.00789178,0.00795,0.00789178,10923,1,4),(26,0.00831664,0.00789178,16643.25057117,131.34487199254798,0.00789178,0.00795,0.00789178,10923,1,5),(27,0.00000024,0.00000022,1812342502.431574,416.83877555926205,0.00000022,0.00000023,0.00000023,10924,1,4),(28,0.00000024,0.00000022,1809696609.3793929,398.13325406346644,0.00000022,0.00000023,0.00000022,10924,1,5),(29,0.00011118,0.00009688,4879186.17109277,529.4404914252765,0.00010814,0.00010847,0.00010851,10925,1,4),(30,0.00011118,0.0000969,4885393.75774986,530.1140766534373,0.00010814,0.00010851,0.00010851,10925,1,5),(31,0.00000386,0.00000325,165553199.66490978,602.6136467802716,0.00000364,0.00000365,0.00000364,10926,1,4),(32,0.00000386,0.00000325,165737646.32727036,601.6276561679914,0.00000363,0.00000364,0.00000363,10926,1,5),(33,0.03,0.02831736,609.51054031,17.980475607669355,0.02906895,0.02956899,0.02949986,10927,1,4),(34,0.03,0.02831736,609.51054031,17.980475607669355,0.02906968,0.02956896,0.02949986,10927,1,5),(35,0.00003335,0.00003047,2311308.14345243,75.00194925503136,0.00003245,0.0000325,0.00003245,10928,1,4),(36,0.00003335,0.00003047,2308918.29130582,74.9013093699608,0.00003244,0.00003245,0.00003244,10928,1,5),(37,0.02610139,0.02124965,3129.10697128,77.25389619253767,0.0246888,0.02484778,0.0246888,10930,1,4),(38,0.02610139,0.02124965,3124.30018237,76.63049164803459,0.02444493,0.02452725,0.02452725,10930,1,5),(39,0.00043781,0.0004,294797.36797369,126.78350404444485,0.00043014,0.00043617,0.00043007,10931,1,4),(40,0.00043781,0.0004,293149.3443726,126.0747385343241,0.00043007,0.00043611,0.00043007,10931,1,5),(41,0.0000199,0.00001739,10239597.96958756,194.34756946277193,0.00001879,0.00001898,0.00001898,10932,1,5),(42,0.00027599,0.000251,1198481.84024011,311.76108110165984,0.00026006,0.00026013,0.00026013,10933,1,5),(43,0.00039998,0.00035,105771.58124325,38.91230702357924,0.00036527,0.0003699,0.00036789,10935,1,5),(44,0.00021218,0.00017834,1329667.96313188,246.57362708317584,0.00018489,0.00018544,0.00018544,10936,1,5),(45,0.00335,0.00292923,36895.96818445,121.756695008685,0.0033,0.00331001,0.0033,10937,1,5),(46,0.00030886,0.0002279,867188.64379006,244.07891568115025,0.00028145,0.00028146,0.00028146,10938,1,5),(47,0.00000243,0.00000227,17418392.61984815,41.62995836143708,0.00000239,0.0000024,0.00000239,10939,1,4),(48,0.00000243,0.00000227,17434602.44906619,41.84304587775885,0.0000024,0.00000241,0.0000024,10939,1,5),(49,0.00073566,0.00066002,170202.66455344,116.8117907096714,0.0006901,0.00069168,0.00068631,10940,1,4),(50,0.00073566,0.00066002,170210.66888189,117.46238259539228,0.0006901,0.00069304,0.0006901,10940,1,5),(51,0.0000601,0.00005365,1438195.88817297,83.84682028048415,0.00005828,0.0000583,0.0000583,10942,1,4),(52,0.0000601,0.00005365,1440328.48580352,83.68308502518452,0.0000581,0.0000583,0.0000581,10942,1,5),(53,0.00126,0.00115164,37346.1592756,46.23491864478556,0.00123851,0.00125199,0.00123801,10943,1,5),(54,0.00002134,0.00001871,2395119.39401046,45.72282923165968,0.00001909,0.00001929,0.00001909,10944,1,5),(55,0.00181974,0.0017001,11102.0494685,19.544269925336767,0.00176042,0.00178986,0.00176042,10945,1,4),(56,0.00181974,0.0017001,11102.0494685,19.544269925336767,0.00176042,0.00178975,0.00176042,10945,1,5),(57,0.00660384,0.0063,934.64254096,6.000535962918935,0.00642017,0.00655912,0.00642014,10946,1,5),(58,0.00010363,0.00007898,3407802.89668622,324.25244561969384,0.00009515,0.00009614,0.00009515,10947,1,5),(59,0.0000388,0.00003409,4458600.10653465,155.4267997137979,0.00003486,0.00003487,0.00003486,10948,1,4),(60,0.0000388,0.00003409,4487260.08417043,154.98996330724665,0.00003459,0.00003503,0.00003454,10948,1,5),(61,0.00094898,0.00082,46637.78513909,41.5076287737901,0.00088225,0.00090023,0.00089,10949,1,5),(62,0.00004771,0.00003202,7941261.7690189,364.8215656687282,0.00004544,0.00004594,0.00004594,10950,1,4),(63,0.00004771,0.00003202,7945566.83458943,360.72873429036014,0.0000454,0.00004544,0.0000454,10950,1,5),(64,0.00000873,0.0000077,2026271.89990834,16.21017519926672,0.000008,0.00000802,0.000008,10951,1,4),(65,0.00000873,0.0000077,2026271.89990834,16.21017519926672,0.000008,0.00000802,0.000008,10951,1,5),(66,0.00002219,0.00001702,1858246.51102082,36.10572970913453,0.00001943,0.00001958,0.00001943,10952,1,4),(67,0.00002219,0.00001702,1859746.51102082,36.13487470913453,0.00001943,0.00001958,0.00001943,10952,1,5),(68,0.00009522,0.000081,730339.54652046,61.260881162136194,0.00008261,0.00008387,0.00008388,10953,1,5),(69,0.00000599,0.00000543,4139439.7880798,22.932496425962093,0.00000549,0.00000556,0.00000554,10954,1,5),(70,0.000104,0.0000907,172484.96745097,17.626238823814624,0.00010219,0.0001025,0.00010219,10955,1,4),(71,0.000104,0.0000907,172484.96745097,17.626238823814624,0.00010219,0.0001025,0.00010219,10955,1,5),(72,0.00001918,0.0000099,101110761.31945682,1748.2050632134083,0.00001721,0.00001729,0.00001729,10957,1,4),(73,0.00001918,0.0000099,101130656.18442719,1748.549045428746,0.0000172,0.00001729,0.00001729,10957,1,5),(74,0.00000275,0.00000254,5702121.1052236,14.996578506738066,0.0000026,0.00000263,0.00000263,10959,1,4),(75,0.00000275,0.00000254,5703342.97535713,14.999792025189251,0.00000263,0.00000267,0.00000263,10959,1,5),(76,0.00016979,0.00013131,410283.76499478,58.2890144928084,0.00014205,0.00014206,0.00014207,10960,1,5),(77,0.00029029,0.0002635,34753.45468746,9.384127834707948,0.00027009,0.00027605,0.00027002,10964,1,5),(78,0.0439,0.04011124,16987.02169931,689.673250862203,0.04064001,0.04110655,0.04060001,10970,1,5),(79,0.701,0.65000011,1241.17541502,820.0245393090073,0.6551,0.66068365,0.66068384,10972,1,5),(80,0.0009825,0.00088782,355701.10878616,323.0192909108876,0.00090811,0.00092169,0.00090812,10974,1,5),(81,0.06849765,0.06182108,3910.38058225,243.86564510204104,0.0622247,0.06368777,0.06236366,10975,1,5),(82,0.001523,0.00135,402303.50221727,584.5590578267598,0.00145521,0.00148325,0.00145303,10976,1,5),(83,0.43,0.39721158,152.48682677,60.569533390497995,0.39731787,0.41872842,0.39721158,10977,1,5),(84,0.00001343,0.00000872,8552345.36890186,110.8383959809681,0.00001285,0.00001296,0.00001296,10987,1,4),(85,0.00001343,0.00000891,8583474.90820751,112.7010255447646,0.00001313,0.00001319,0.00001313,10987,1,5),(86,0.00000026,0.00000024,481129888.1928928,120.2824720482232,0.00000025,0.00000026,0.00000025,10988,1,5),(87,0.00000063,0.00000059,21196663.15415209,12.929964524032776,0.00000061,0.00000062,0.00000061,10989,1,5),(88,0.000229,0.00014957,594880.16073837,96.36463723800857,0.00016199,0.0001625,0.00016199,10990,1,4),(89,0.000229,0.00014957,601042.73715372,98.87153026178693,0.00016199,0.00016449,0.0001645,10990,1,5),(90,0.00002638,0.00002275,247735.47916431,5.920877952027009,0.00002396,0.00002435,0.0000239,10991,1,4),(91,0.00002638,0.00002275,247735.47916431,5.920877952027009,0.00002396,0.00002435,0.0000239,10991,1,5),(92,0.00002876,0.00002667,500730.50203708,13.780103416060442,0.0000271,0.00002755,0.00002752,10992,1,4),(93,0.00002876,0.00002667,500730.50203708,13.780103416060442,0.00002709,0.00002752,0.00002752,10992,1,5),(94,0.00004542,0.00004361,44021.52431727,1.9972565582745399,0.00004537,0.00004538,0.00004537,10993,1,5),(95,0.00000884,0.000008,1717179.85388327,14.69905954924079,0.00000835,0.00000856,0.00000856,10994,1,5),(96,0.0000429,0.00003754,1356183.2835084,55.46789629549355,0.0000409,0.00004091,0.0000409,10995,1,4),(97,0.0000429,0.00003754,1356183.2835084,55.46789629549355,0.0000409,0.00004091,0.0000409,10995,1,5),(98,0.00003149,0.00002946,737454.15826244,22.130999289455822,0.00003001,0.00003002,0.00003001,10996,1,5),(99,0.00014788,0.00013651,62731.19259339,8.7823669630746,0.00014002,0.00014246,0.00014,10997,1,5),(100,0.00000355,0.00000314,7832108.89205816,26.785812410838908,0.00000342,0.00000343,0.00000342,10998,1,5),(101,0.00011969,0.0001115,118965.85334439,13.7881424026148,0.00011595,0.0001178,0.0001159,10999,1,5),(102,0.00000359,0.0000032,7943207.94582018,26.450882459581198,0.00000333,0.00000334,0.00000333,11000,1,5),(103,0.00002774,0.00002676,96477.37176403,2.633832249158019,0.000027,0.0000273,0.0000273,11001,1,4),(104,0.00002774,0.00002676,96577.37176403,2.60758903762881,0.000027,0.0000273,0.000027,11001,1,5),(105,0.00010551,0.00009921,102004.01096863,10.76244319730015,0.00010551,0.00010552,0.00010551,11002,1,4),(106,0.00010552,0.00009921,102113.58241197,10.772982944462836,0.0001055,0.00010553,0.0001055,11002,1,5),(107,0.00005499,0.0000522,48824.4844962,2.662399139577786,0.00005389,0.000054,0.00005453,11003,1,4),(108,0.00005499,0.0000522,48824.4844962,2.662399139577786,0.00005389,0.000054,0.00005453,11003,1,5),(109,0.00267985,0.00232,95759.8703525,235.4735211967975,0.00243601,0.002459,0.002459,11004,1,4),(110,0.00267985,0.00232,95759.8703525,235.4735211967975,0.00243601,0.002459,0.002459,11004,1,5),(111,0.0000103,0.00000811,2371541.0380994,20.46639915879782,0.0000086,0.00000861,0.00000863,11005,1,5),(112,0.00195001,0.0012,635034.82399496,872.182228667638,0.00137344,0.00137444,0.00137344,11006,1,4),(113,0.00195001,0.0012,633528.35391457,870.113182400427,0.0013625,0.00137344,0.00137344,11006,1,5),(114,0.00000056,0.00000051,21784399.09411381,11.76357551082146,0.00000053,0.00000054,0.00000054,11007,1,5),(115,0.00001494,0.00001278,1907545.27790827,27.010841135181103,0.00001401,0.00001409,0.00001416,11008,1,5),(116,0.00005063,0.000045,227124.62276017,11.499319650347408,0.00005012,0.00005062,0.00005063,11009,1,5),(117,0.02900013,0.02304002,1019.27686049,26.08768794320781,0.02559446,0.02609895,0.02559431,11010,1,5),(118,0.00078885,0.00068782,91600.55166141,68.72239787845625,0.00075046,0.00076786,0.00075024,11011,1,4),(119,0.00078885,0.00068782,91600.55166141,68.72239787845625,0.00075053,0.00076777,0.00075024,11011,1,5),(120,0.00000788,0.00000738,1841872.09271593,13.777203253515157,0.00000748,0.0000075,0.00000748,11012,1,4),(121,0.00000788,0.00000738,1772160.55244692,13.2912041433519,0.00000748,0.0000075,0.0000075,11012,1,5),(122,0.00031598,0.0003005,21809.14854471,6.699552341449464,0.00030719,0.00030767,0.00030719,11013,1,4),(123,0.00031598,0.0003005,21809.14854471,6.699552341449464,0.00030719,0.00030767,0.00030719,11013,1,5),(124,0.00026162,0.00024,26196.23261733,6.785348172540816,0.00025575,0.00025902,0.00025902,11014,1,5),(125,0.0000083,0.00000732,4042609.86037564,31.04724372768491,0.00000759,0.00000769,0.00000768,11015,1,4),(126,0.0000083,0.00000732,4042609.86037564,31.04724372768491,0.00000759,0.00000767,0.00000768,11015,1,5),(127,0.00610008,0.00547,9856.97955112,56.97334180547361,0.00578,0.00580226,0.00578,11016,1,4),(128,0.00610008,0.00547,9847.65651825,57.13866350958124,0.00580226,0.00580227,0.00580226,11016,1,5),(129,0.0000017,0.00000149,14392911.92463731,23.17258819866607,0.00000159,0.00000161,0.00000161,11017,1,4),(130,0.0000017,0.00000149,14392911.92463731,23.17258819866607,0.00000158,0.0000016,0.00000161,11017,1,5),(131,0.00014576,0.00012934,53363.0186088,7.563140627425224,0.00014173,0.000142,0.00014173,11018,1,4),(132,0.00014576,0.00012934,53363.0186088,7.563140627425224,0.00014173,0.000142,0.00014173,11018,1,5),(133,0.00007432,0.00006618,268464.69050555,18.392515946535234,0.00006847,0.00006991,0.00006851,11019,1,5),(134,0.00038932,0.00037,13111.44516748,5.104547832603314,0.00038097,0.00038924,0.00038932,11020,1,4),(135,0.00038932,0.00037,13111.44516748,5.104547832603314,0.00038109,0.00038921,0.00038932,11020,1,5),(136,0.00000554,0.000005,5709752.5860612,30.03329860268191,0.00000522,0.00000526,0.00000526,11021,1,4),(137,0.00000554,0.000005,5709752.5860612,30.03329860268191,0.00000522,0.00000526,0.00000526,11021,1,5),(138,0.00018196,0.00017522,18243.61977692,3.2838515598456004,0.00018,0.000181,0.00018,11022,1,4),(139,0.00018196,0.00017522,18243.61977692,3.2838515598456004,0.00018,0.000181,0.00018,11022,1,5),(140,0.00048499,0.00040104,46988.16669376,21.146554538859753,0.0004505,0.00046171,0.00045004,11023,1,5),(141,0.00006,0.00004025,1589525.47860249,89.01342680173943,0.000056,0.0000564,0.000056,11024,1,5),(142,0.00000146,0.00000121,28233494.40565605,36.138872839239745,0.00000126,0.00000128,0.00000128,11025,1,4),(143,0.00000146,0.00000121,28327888.42588489,35.97641830087381,0.00000127,0.00000128,0.00000127,11025,1,5),(144,0.00092344,0.00082002,217289.41377516,198.3439497881038,0.00091281,0.00092176,0.00091281,11026,1,5),(145,0.00000082,0.00000059,98899483.1876718,68.24064339949354,0.00000069,0.0000007,0.00000069,11027,1,4),(146,0.00000082,0.00000059,98899483.1876718,68.24064339949354,0.00000069,0.0000007,0.00000069,11027,1,5),(147,0.00027994,0.00025059,29287.49695105,7.981721544069656,0.00027248,0.00027253,0.00027253,11028,1,4),(148,0.00027994,0.00025059,29287.46823415,7.9817137178529,0.00027247,0.00027253,0.00027253,11028,1,5),(149,0.00028258,0.00025204,120753.14140968,30.434621760895745,0.000252,0.0002523,0.00025204,11029,1,5),(150,0.00003907,0.00003261,1903370.01603561,66.9034560636517,0.00003546,0.0000359,0.00003515,11030,1,5),(151,0.00213757,0.00185043,25748.79978361,49.9441744762748,0.00188381,0.00192138,0.00193967,11031,1,4),(152,0.00213757,0.00185043,25748.79978361,49.9441744762748,0.00188386,0.00192136,0.00193967,11031,1,5),(153,0.00277001,0.00250437,1178.77117868,3.066820763283543,0.00260171,0.00260773,0.00260171,11032,1,4),(154,0.00277001,0.00250437,1178.77117868,3.066820763283543,0.00260171,0.00260773,0.00260171,11032,1,5),(155,0.000571,0.00053,13035.09788717,7.386468568743752,0.00056666,0.00056908,0.00056666,11033,1,5),(156,0.00017954,0.00013801,14071913.31910501,2040.4274312702266,0.000145,0.0001451,0.000145,11034,1,5),(157,0.00032343,0.00029016,16980.12503679,5.38269963666243,0.000317,0.00032166,0.000317,11035,1,5),(158,0.00009481,0.00007511,150534.93618114,13.027293377115853,0.00008496,0.00008646,0.00008654,11036,1,5),(159,0.00016342,0.00014745,96314.63637736,15.244680645808542,0.00015828,0.000159,0.00015828,11037,1,4),(160,0.00016342,0.00014745,96314.63637736,15.244680645808542,0.00015828,0.000159,0.00015828,11037,1,5),(161,0.00022582,0.0002,34510.9782091,7.427797839944594,0.000213,0.00021523,0.00021523,11038,1,4),(162,0.00022582,0.0002,34436.7605297,7.41182396880733,0.00021523,0.00021524,0.00021523,11038,1,5),(163,0.000011,0.00000981,1208505.41524174,13.160623971982549,0.00001075,0.000011,0.00001089,11039,1,4),(164,0.000011,0.00000981,1208505.41524174,13.160623971982549,0.00001079,0.000011,0.00001089,11039,1,5),(165,0.000098,0.000086,71792.20433205,6.99471446807163,0.00009743,0.00009799,0.00009743,11040,1,5),(166,0.0001665,0.000129,160650.97085353,24.259903108591566,0.00015118,0.00015595,0.00015101,11041,1,4),(167,0.0001665,0.000129,160654.16981447,25.045985074075872,0.00015117,0.00015589,0.0001559,11041,1,5),(168,0.0000875,0.0000803,62633.31744165,5.352643308563408,0.0000852,0.00008546,0.00008546,11042,1,4),(169,0.0000875,0.0000803,62633.31744165,5.352643308563408,0.0000852,0.00008546,0.00008546,11042,1,5),(170,0.00000338,0.00000295,23209043.92765758,77.51820671837632,0.00000329,0.00000335,0.00000334,11043,1,5),(171,0.00015398,0.00013081,115515.40356991,17.7154422914814,0.00015186,0.00015335,0.00015336,11044,1,4),(172,0.00015398,0.00013081,115515.40356991,17.7154422914814,0.00015186,0.00015329,0.00015336,11044,1,5),(173,4079,3585.1,10199.14428796,41255538.6447982,4043.9,4045,4045,11045,1,5),(174,0.00011495,0.00010968,158982.79457998,17.66457830578158,0.00011033,0.00011111,0.00011111,11046,1,4),(175,0.00011495,0.00010968,173211.68895147,19.091392356231022,0.00011022,0.00011111,0.00011022,11046,1,5),(176,0.00001581,0.00001334,7614417.77974023,111.17049958420736,0.00001465,0.00001479,0.0000146,11047,1,5),(177,0.00019845,0.00017548,502098.24074609,90.73417308522592,0.00018069,0.00018071,0.00018071,11048,1,4),(178,0.00019845,0.00017548,502059.59395648,90.71714803199637,0.00018069,0.00018091,0.00018069,11048,1,5),(179,0.000063,0.00004353,1815502.30117842,98.0189692406229,0.00005421,0.00005471,0.00005399,11049,1,4),(180,0.000063,0.00004353,1815502.30117842,98.0189692406229,0.00005434,0.00005472,0.00005399,11049,1,5),(181,0.00360804,0.00340156,1238.35413314,4.272730416196936,0.0034356,0.00350033,0.00345033,11050,1,5),(182,0.00000229,0.00000212,42810578.31755871,97.18001278085828,0.00000227,0.00000228,0.00000227,11051,1,5),(183,0.00010998,0.00007533,426707.58162164,39.34243902551521,0.0000922,0.00009364,0.0000922,11052,1,4),(184,0.00010998,0.00007533,430395.09471771,38.9034126115338,0.00009033,0.00009347,0.00009039,11052,1,5),(185,0.00000165,0.00000155,312185018.08866805,493.2523285800955,0.00000158,0.00000159,0.00000158,11053,1,5),(186,0.00089175,0.0008629,166783.82829967,147.40688312781435,0.00088382,0.00088425,0.00088382,11054,1,5),(187,0.00004063,0.00003503,230096.25738649,8.283465265913641,0.000036,0.00003654,0.000036,11055,1,5),(188,0.00000144,0.00000122,17895572.40774579,23.443199854146982,0.00000129,0.00000131,0.00000131,11056,1,4),(189,0.00000144,0.00000122,17895572.40774579,23.443199854146982,0.00000129,0.00000131,0.00000131,11056,1,5),(190,0.000053,0.00002942,3120360.99255881,106.09227374699954,0.00003401,0.00003464,0.000034,11057,1,5),(191,0.0000374,0.0000344,158282.24033449,5.782050239418919,0.00003652,0.00003653,0.00003653,11058,1,4),(192,0.0000374,0.0000344,158282.24033449,5.782050239418919,0.00003652,0.00003653,0.00003653,11058,1,5),(193,0.01943998,0.01720001,1085.33806965,20.403530852487066,0.01874938,0.01879921,0.01879924,11059,1,4),(194,0.01943998,0.01720001,1085.40190209,20.404698291789348,0.01874938,0.01879915,0.01879921,11059,1,5),(195,0.26341656,0.24873674,164.2910377,42.442159725347416,0.25547073,0.26226919,0.25833521,11060,1,5),(196,0.00101083,0.00096129,207655.88878533,207.43162042544182,0.000991,0.00099799,0.00099892,11061,1,5),(197,0.00011999,0.00009939,9715460.61560579,1067.9234308673886,0.00010913,0.00010992,0.00010992,11062,1,5),(198,0.00013604,0.00012101,59013.57580062,7.428628921782046,0.00012609,0.00012897,0.00012588,11063,1,4),(199,0.00013604,0.00012101,60771.60740215,7.581865739492234,0.00012458,0.00012476,0.00012476,11063,1,5),(200,0.00000314,0.00000276,5341402.08199883,16.344690370916418,0.00000304,0.00000306,0.00000306,11064,1,4),(201,0.00000314,0.00000276,5341402.08199883,16.344690370916418,0.00000304,0.00000306,0.00000306,11064,1,5),(202,0.00006429,0.00005844,156537.6333354,10.063804447132865,0.00006131,0.00006429,0.00006429,11065,1,5),(203,0.00004199,0.000038,403591.32225691,15.941857229147944,0.0000395,0.00003983,0.0000395,11066,1,5),(204,0.00039441,0.00027211,6426237.22704867,2473.458708691033,0.0003849,0.000386,0.0003849,11067,1,5),(205,0.0000439,0.00002798,52623839.11755445,1781.3169541292182,0.00003378,0.00003422,0.00003385,11068,1,4),(206,0.0000439,0.0000281,52048558.27092649,1758.2002983918967,0.00003378,0.00003417,0.00003378,11068,1,5),(207,0.0004915,0.00045038,14393.70341502,7.03852096994478,0.00047251,0.00048887,0.000489,11069,1,5),(208,0.0000383,0.00003471,243106.24318273,8.873377876169645,0.0000365,0.00003659,0.0000365,11070,1,5),(209,0.00005643,0.00004977,412065.82952837,21.88069554795645,0.000052,0.00005286,0.0000531,11071,1,5),(210,0.00005496,0.000044,2158097.54303876,113.30012100953489,0.0000525,0.00005324,0.0000525,11072,1,5),(211,0.00034482,0.00031246,63000.45915714,20.743531182079916,0.0003231,0.00032923,0.00032926,11073,1,5),(212,0.00200416,0.00177909,64820.38802346,125.03075005069152,0.00191,0.00192888,0.00192888,11074,1,5),(213,0.00549893,0.005142,412247.1457339,2149.9925391460088,0.00521512,0.0052153,0.0052153,11075,1,5),(214,0.000643,0.00038007,210917.3860889,123.35292408023228,0.00057353,0.00058492,0.00058484,11076,1,5),(215,0.00033579,0.00018687,2366485.38688057,690.9190735536513,0.00028802,0.00029196,0.00029196,11077,1,4),(216,0.00033579,0.00018687,2367576.83987881,679.4945530452185,0.000287,0.00028767,0.000287,11077,1,5),(217,0.000248,0.00017,7115153.89592588,1312.5324391814472,0.0001845,0.00018453,0.00018447,11078,1,4),(218,0.000248,0.00017,7109176.54984477,1308.0884851714377,0.0001845,0.00018455,0.000184,11078,1,5),(219,0.0000272,0.0000235,245131.5201914,6.358711633764916,0.00002594,0.00002635,0.00002594,11079,1,4),(220,0.0000272,0.0000235,245131.5201914,6.358711633764916,0.00002593,0.00002632,0.00002594,11079,1,5),(221,0.00046999,0.00041093,374896.44448185,160.3319624115528,0.000424,0.00042766,0.00042767,11080,1,5),(222,0.00057499,0.00046087,1808940.59373649,945.8769470588733,0.00052111,0.00052289,0.00052289,11081,1,4),(223,0.00057499,0.00046087,1808940.59373649,945.8769470588733,0.00052111,0.00052289,0.00052289,11081,1,5),(224,0.000024,0.0000177,1265431.523478,28.90245599623752,0.00002284,0.00002338,0.00002284,11082,1,4),(225,0.000024,0.0000177,1265431.523478,28.90245599623752,0.00002288,0.00002332,0.00002284,11082,1,5),(226,0.00032515,0.000285,142287.6774709,40.5519880792065,0.000285,0.00028863,0.000285,11083,1,5),(227,0.00034158,0.00032007,25538.18383161,8.508556707177503,0.00033322,0.00033999,0.00033317,11084,1,4),(228,0.00034158,0.00032007,25538.18383161,8.508556707177503,0.0003332,0.00033999,0.00033317,11084,1,5),(229,0.00001687,0.00001431,28268431.53677017,426.85331620522953,0.00001504,0.00001511,0.0000151,11085,1,5),(230,0.00004749,0.00004273,507239.8076614,21.933049283278937,0.00004324,0.00004363,0.00004324,11086,1,5),(231,0.00042899,0.00033053,157398.60435185,59.01345872963912,0.000371,0.00037493,0.00037493,11087,1,4),(232,0.00042899,0.00033053,157401.27151638,59.014458729636345,0.000371,0.00037493,0.00037493,11087,1,5),(233,0.000425,0.00040501,22106.38233334,9.37310610933616,0.00041711,0.00042494,0.000424,11088,1,5),(234,0.0062,0.00460004,3323.75609766,16.6520180492766,0.005,0.00502,0.00501,11089,1,5),(235,0.0165,0.0155,344.42681342,5.665821080759,0.0162,0.01644978,0.01645,11090,1,5),(236,0.001,0.0008728,1529569.91504615,1416.381741332735,0.00092598,0.000926,0.000926,11091,1,4),(237,0.001,0.0008728,1529838.16825741,1416.5995470429964,0.00092117,0.000925,0.00092598,11091,1,5),(238,0.00048456,0.00045914,3423.87463365,1.6516428845264235,0.00047295,0.00048227,0.00048239,11092,1,4),(239,0.00048456,0.00045914,3423.87463365,1.6516428845264235,0.00047295,0.00048225,0.00048239,11092,1,5),(240,0.00068657,0.000533,36281.70836862,24.3087446069754,0.00067,0.00067601,0.00067,11093,1,5),(241,0.0000064,0.0000059,6695172.65408683,40.90750491647053,0.00000611,0.00000615,0.00000611,11094,1,5),(242,0.00013699,0.00011501,172741.96735753,21.926137916691285,0.00012564,0.00012695,0.00012693,11095,1,4),(243,0.00013699,0.00011501,172741.96735753,21.926137916691285,0.00012564,0.00012683,0.00012693,11095,1,5),(244,0.00004995,0.000041,291167.73760519,13.108371546985655,0.00004502,0.00004589,0.00004502,11096,1,4),(245,0.00004995,0.000041,291167.73760519,13.108371546985655,0.00004502,0.00004585,0.00004502,11096,1,5),(246,0.06415389,0.06006049,1480.6250094,90.3181255734,0.06115002,0.06178808,0.061,11097,1,4),(247,0.06415389,0.06006049,1482.52437516,90.43398688476,0.06098894,0.06115001,0.061,11097,1,5),(248,0.00038498,0.00032323,5836917.54915586,2070.646500563041,0.000353,0.00035475,0.00035475,11098,1,4),(249,0.00038498,0.00032323,5846733.71498045,2073.3102426692176,0.000353,0.00035461,0.00035461,11098,1,5),(250,0.00029452,0.00028038,185450.99976378,54.12201977106157,0.00028756,0.00029183,0.00029184,11099,1,5),(251,0.00008698,0.00006981,1723246.30626978,146.47593603293132,0.00008498,0.000085,0.000085,11100,1,5),(252,299.062,245.5,47451.70788052,14088412.069726387,296.9,297,296.9,11101,1,5),(253,0.00252165,0.00206092,37133.87582694,85.89399683653663,0.00225016,0.00231309,0.00231309,11102,1,5),(254,0.000177,0.000155,1043640.35069123,177.19969514386395,0.0001678,0.00016979,0.00016979,11103,1,5),(255,0.0001325,0.00011901,205592.56406667,27.053925505533105,0.00012873,0.00013146,0.00013159,11104,1,5),(256,0.00004961,0.00004259,609268.18560763,30.09784836901692,0.0000489,0.0000494,0.0000494,11105,1,4),(257,0.00004961,0.00004259,609268.18560763,30.09784836901692,0.0000489,0.0000494,0.0000494,11105,1,5),(258,0.00347999,0.002819,182805.35641091,563.2415836376548,0.0030811,0.00309,0.0030811,11106,1,5),(259,0.00067417,0.0005997,33758.44313703,22.395351177105702,0.00065425,0.00068,0.0006634,11107,1,5),(260,0.00185151,0.00163,18517.49504507,32.23062600069659,0.00174639,0.00180992,0.00174055,11108,1,5),(261,0.05,0.03839649,9481.63915363,400.98847552812396,0.04229105,0.04233813,0.04229105,11109,1,5),(262,0.000745,0.000575,477692.05709117,352.03993839390864,0.00071835,0.00074386,0.00073696,11110,1,5),(263,0.00238999,0.00205,5750.68903678,12.649100591520552,0.00219958,0.0021998,0.00219958,11111,1,4),(264,0.00238999,0.00205,5750.68903678,12.649100591520552,0.00219958,0.0021998,0.00219958,11111,1,5),(265,0.000398,0.00035746,313702.05877776,119.61459501195989,0.0003802,0.0003813,0.0003813,11112,1,5),(266,0.00565846,0.00509999,24141.85982001,123.123485082051,0.00510001,0.005202,0.0051,11113,1,5),(267,0.00002899,0.00002653,851720.42076383,23.59265565515809,0.00002771,0.0000282,0.0000277,11114,1,4),(268,0.00002899,0.00002653,851720.42076383,23.59265565515809,0.00002774,0.0000282,0.0000277,11114,1,5),(269,0.00039958,0.00036329,64250.89041524,24.02469294406654,0.00037319,0.00038979,0.00037392,11115,1,5),(270,0.00047318,0.00042864,66953.64030509,30.86696725345259,0.00046009,0.000461,0.00046102,11116,1,4),(271,0.00047318,0.00042864,66494.04372334,30.593244576671502,0.00046009,0.000461,0.00046009,11116,1,5),(272,0.00117333,0.00101866,84673.94686413,98.21500444664169,0.00115987,0.00117236,0.00115992,11117,1,5),(273,0.006401,0.0061,7985.87605583,49.11473491856567,0.00615037,0.00628353,0.0061502,11118,1,5),(274,0.00095162,0.0008465,3567136.7413054,3032.4586151511335,0.00085404,0.00087136,0.00085011,11119,1,5),(275,0.0000699,0.00006,24466516.20585634,1550.687797127175,0.00006337,0.00006338,0.00006338,11120,1,4),(276,0.0000699,0.00006,24466580.76965583,1550.44722337309,0.00006337,0.00006338,0.00006337,11120,1,5),(277,0.0019,0.00175625,13565.23351459,24.6887249965538,0.0018185,0.00182,0.00182,11121,1,5),(278,0.0001,0.000075,3481282.50023644,330.7566503474642,0.00009501,0.00009514,0.00009501,11122,1,4),(279,0.0001,0.000075,3491546.28482994,333.4426702012593,0.0000955,0.00009555,0.0000955,11122,1,5),(280,0.00014187,0.00013356,147841.68221696,20.26761621512305,0.0001371,0.00013868,0.00013709,11123,1,5),(281,0.00138833,0.0010895,320612.72613212,416.65547437225786,0.00129,0.00129929,0.00129956,11124,1,5),(282,0.002184,0.00181302,40860.27173316,78.51464654613626,0.00183258,0.00191776,0.00192154,11125,1,5),(283,0.00015225,0.0001419,68987.07817079,10.11833475530977,0.00014667,0.00014912,0.00014667,11126,1,4),(284,0.00015225,0.0001419,68987.07817079,10.11833475530977,0.00014667,0.00014908,0.00014667,11126,1,5),(285,0.00218057,0.00198511,8292.19234318,17.25041357536422,0.00195434,0.00208031,0.00208032,11127,1,5),(286,0.00424999,0.0038,1569.54496875,6.274883830565625,0.00383446,0.00399799,0.0039979,11128,1,5),(287,0.00012428,0.0001092,2726194.5202014,324.1445284519465,0.00011768,0.00011889,0.0001189,11129,1,5),(288,0.00184,0.0015062,98409.8581913,157.30914241737497,0.00156005,0.00159851,0.00159851,11130,1,5),(289,0.00022799,0.0001985,187678.11922522,38.4740144411701,0.00020606,0.00020799,0.000205,11131,1,5),(290,0.00332977,0.0028,18223.54744228,51.17773498857819,0.00280841,0.00288447,0.00280833,11132,1,5),(291,0.0000492,0.00004,5091596.97573554,216.3419554990031,0.00004249,0.00004274,0.00004249,11133,1,4),(292,0.0000492,0.00004,5077872.79021418,215.75881485620053,0.00004254,0.00004272,0.00004249,11133,1,5),(293,0.00069999,0.0005325,373837.69870082,217.17727268325433,0.00058094,0.0005938,0.00058094,11134,1,5),(294,0.00058775,0.00052,140359.82715138,78.23937485072224,0.00055,0.00055725,0.00055742,11135,1,4),(295,0.00058775,0.00052,140459.31950546,78.33978086097527,0.00055774,0.00055777,0.00055774,11135,1,5),(296,0.00777273,0.00746434,35835.88116247,275.82196849011075,0.00746828,0.00769703,0.00769681,11136,1,5),(297,0.00463999,0.00401001,10170.5716718,43.73345818874,0.0043,0.0043096,0.0043,11137,1,5),(298,0.06403266,0.05340384,975.00093134,56.966359915383556,0.05502534,0.05947025,0.05842698,11138,1,5),(299,0.07147154,0.06766587,62.02667049,4.23905958876294,0.06834253,0.06970928,0.06834253,11139,1,5),(300,0.20510116,0.18325001,8510.47998436,1616.812136529529,0.18824082,0.189979,0.18997896,11140,1,5),(301,0.00072198,0.000645,1225862.86238898,795.5849976904481,0.000649,0.0006528,0.000649,11141,1,5),(302,0.00000657,0.00000558,36524827.53758253,234.8546410666557,0.0000064,0.00000643,0.00000643,11142,1,5),(303,0.00008995,0.00008,8174707.4781008,711.1995505947696,0.00008572,0.00008757,0.000087,11143,1,5),(304,0.00018493,0.000133,933168.42291083,155.18590873007102,0.00016613,0.0001663,0.0001663,11144,1,4),(305,0.00018493,0.000133,942145.52005535,156.5186352467953,0.00016608,0.00016613,0.00016613,11144,1,5),(306,0.00014608,0.00013145,1711762.85056939,237.09627243236622,0.00013851,0.00013865,0.00013851,11145,1,5),(307,0.00205335,0.00186001,164469.88185799,337.57114311588737,0.00205111,0.00205248,0.00205248,11146,1,5),(308,0.02855354,0.02528004,11569.04107713,323.81398903654554,0.0279897,0.02798999,0.0279897,11147,1,5),(309,0.00001014,0.00000912,968284.62151143,9.421409367306214,0.00000973,0.00000989,0.00000973,11148,1,4),(310,0.00001014,0.00000912,968284.62151143,9.421409367306214,0.00000973,0.00000989,0.00000973,11148,1,5),(311,0.00014037,0.000125,333313.84421065,44.57406038629023,0.00013002,0.00013557,0.00013373,11149,1,5),(312,0.00000678,0.0000059,31013691.18705082,201.2788558039598,0.00000645,0.00000649,0.00000649,11150,1,4),(313,0.00000678,0.0000059,31013691.18705082,201.2788558039598,0.00000645,0.00000649,0.00000649,11150,1,5),(314,0.0000957,0.00008274,4791428.824425,428.353736903595,0.00008801,0.00008946,0.0000894,11151,1,5),(315,0.0005839,0.00054,851290.25158104,469.3673931117222,0.0005477,0.00055137,0.00055136,11152,1,5),(316,0.0083446,0.00740001,161824.78808085,1217.91924706257,0.00752616,0.00752623,0.00752616,11153,1,5),(317,0.00253,0.0024,100092.82096537,246.8118807210383,0.00246669,0.00249884,0.00246583,11154,1,5),(318,0.03635703,0.03325514,4357.53101941,145.91061892563803,0.0334847,0.0337831,0.0334847,11155,1,5),(319,0.0001388,0.00011624,1592324.2563366,203.02134268291653,0.0001275,0.0001276,0.0001275,11156,1,5),(320,0.00196491,0.00159802,127434.32625804,220.33395010015118,0.00172903,0.001734,0.001729,11157,1,5),(321,0.00015951,0.00014438,1300816.13533633,207.18098587501729,0.00015927,0.00015929,0.00015927,11158,1,4),(322,0.00015951,0.00014438,1301525.52079051,207.29396969630457,0.0001572,0.00015927,0.00015927,11158,1,5),(323,0.00227724,0.00200956,123501.40992201,265.3180789354541,0.00214688,0.00216414,0.0021483,11159,1,5),(324,1.23,1.12600001,175.32926934,199.06891903375836,1.12600185,1.15421923,1.13540038,11160,1,5),(325,0.00001846,0.00001686,20420262.76725678,365.72690616156893,0.0000179,0.00001792,0.00001791,11161,1,5),(326,197.63999997,170.20000001,4245.84329773,839110.2533770029,194.20299001,195.99999998,197.6309992,11162,1,5),(327,56.5,49.14600017,72150.07158195,4054834.0229055905,56.19999999,56.5,56.2,11163,1,5),(328,12.19899988,10.65700001,110572.76436913,1343459.0870849297,12.12,12.15,12.15,11164,1,5),(329,0.194,0.1768,5588062.97279154,1072908.0907759757,0.192,0.19299999,0.192,11165,1,5),(330,0.00279967,0.00261814,931131.18832239,2593.191048165973,0.002781,0.00278498,0.00278499,11166,1,5),(331,0.03939998,0.03620001,212598.28881499,8096.165908669562,0.03781811,0.03808161,0.03808199,11167,1,5),(332,0.00222599,0.002045,20153.08079647,42.11711743331079,0.00207,0.00208987,0.00208986,11168,1,5),(333,0.0027,0.00221501,994476.14188207,2575.7429312816553,0.00259005,0.00259321,0.00259005,11169,1,5),(334,0.0361,0.03190001,73988.07612317,2626.576702372535,0.03511006,0.0355,0.0355,11170,1,5),(335,0.37799483,0.33946,1496.3398779,513.1137381607764,0.34000065,0.34291257,0.34291256,11171,1,5),(336,0.00082613,0.00076014,228293.99290382,183.77666428757513,0.00080015,0.00081527,0.000805,11172,1,5),(337,0.00004573,0.00004035,1557345.75715706,71.21742147479236,0.00004573,0.00004656,0.00004573,11173,1,5),(338,0.079,0.06950001,47168.56432788,3389.0401211042304,0.0707501,0.07184919,0.07184955,11174,1,5),(339,102.69999982,92,6971.55842215,713190.4265859451,102.3,102.49799998,102.3,11175,1,5),(340,350.8,288.46500001,2294.58037899,773273.58771963,337,338.99999837,337,11176,1,5),(341,1.74989899,1.58699999,702.42852877,1160.8318061811121,1.630001,1.6517683,1.65259775,11177,1,5),(342,496.99999999,422.00100415,5758.58693304,2792914.6625244,485.00000001,485.999,485,11178,1,5),(343,0.125,0.11700002,16215.30865527,1952.323162094508,0.1204,0.120489,0.1204,11179,1,4),(344,0.125,0.11700002,16237.34488985,1954.9763247379399,0.1204,0.12048899,0.1204,11179,1,5),(345,21.45,19.11,230726.03891577,4845246.81723117,21.00000008,21.09,21,11180,1,5),(346,0.01459469,0.0132,8743.78162033,117.94487027663138,0.01330032,0.013489,0.013489,11181,1,5),(347,0.0177,0.01560033,21285.18614446,346.46131624385134,0.01581079,0.01627338,0.01627711,11182,1,5),(348,0.00005252,0.0000455,2375827.24215134,118.12613047976463,0.00004972,0.00004992,0.00004972,11183,1,5),(349,0.06982336,0.059,2926.99844907,184.63263275862286,0.0631486,0.0673618,0.06307917,11184,1,5),(350,0.00032,0.00028,1998175.53555888,631.3235604598282,0.00030623,0.00031565,0.00031595,11185,1,5),(351,0.0001,0.000075,3499972.69349511,328.99743318854036,0.00009362,0.000094,0.000094,11122,1,6),(352,0.00000144,0.00000122,17894152.56041755,23.08345680293864,0.00000129,0.00000131,0.00000129,11056,1,6),(353,0.0000017,0.00000149,14392911.92463731,23.17258819866607,0.00000158,0.00000161,0.00000161,11017,1,6),(354,0.00001014,0.00000912,968284.62151143,9.421409367306214,0.00000973,0.00000987,0.00000973,11148,1,6),(355,0.00015951,0.00014438,1303398.17410716,207.61829515352952,0.00015926,0.00015929,0.00015929,11158,1,6),(356,0.00022582,0.0002,34777.16135258,7.500390388910929,0.00021567,0.00021601,0.00021567,11038,1,6),(357,0.0000875,0.0000803,62696.30799735,5.34172544137422,0.0000852,0.00008546,0.0000852,11042,1,6),(358,0.0000388,0.00003409,4486755.94315875,157.17106068885104,0.00003461,0.00003506,0.00003503,10948,1,6),(359,0.00047318,0.00042864,66494.04372334,30.593244576671502,0.00046009,0.000461,0.00046009,11116,1,6),(360,0.00238999,0.00205,5750.68903678,12.649100591520552,0.00219958,0.0021998,0.00219958,11111,1,6),(361,0.00003335,0.00003047,2312885.8566209,75.0531460473482,0.00003245,0.0000325,0.00003245,10928,1,6),(362,0.001,0.0008728,1527092.21918625,1406.7573523143733,0.0009212,0.000925,0.0009212,11091,1,6),(363,0.000229,0.00014957,601047.44825022,97.36367614205315,0.000162,0.00016449,0.00016199,10990,1,6),(364,0.0000699,0.00006,24466759.43141896,1550.4585451690193,0.00006337,0.00006338,0.00006337,11120,1,6),(365,0.00000554,0.000005,5709752.5860612,29.804908499239463,0.00000522,0.00000524,0.00000522,11021,1,6),(366,0.125,0.11700002,16241.26343732,1956.9096691500524,0.120489,0.12048999,0.12048999,11179,1,6),(367,0.000104,0.0000907,172484.96745097,17.626238823814624,0.00010219,0.0001025,0.00010219,10955,1,6),(368,0.00000082,0.00000059,99654155.6353397,68.7613673883844,0.00000068,0.00000069,0.00000069,11027,1,6),(369,0.00038932,0.00037,13111.44516748,5.104547832603314,0.00038258,0.00038917,0.00038932,11020,1,6),(370,0.00004771,0.00003202,7948869.6698734,360.48123952875864,0.00004534,0.00004544,0.00004535,10950,1,6),(371,0.00610008,0.00547,9847.8045186,57.139522246092035,0.00580226,0.00580227,0.00580226,11016,1,6),(372,0.00058775,0.00052,140479.77235905,78.64760055521414,0.00055985,0.00056257,0.00055985,11135,1,6),(373,0.0000374,0.0000344,158282.24033449,5.782050239418919,0.00003652,0.00003653,0.00003653,11058,1,6),(374,0.00013604,0.00012101,60786.02308025,7.5836642394919895,0.00012458,0.00012476,0.00012476,11063,1,6),(375,0.00010998,0.00007533,432789.8582456,39.79502746568292,0.00009034,0.00009192,0.00009195,11052,1,6),(376,0.00015398,0.00013081,115515.40356991,17.7154422914814,0.00015186,0.00015335,0.00015336,11044,1,6),(377,0.02610139,0.02124965,3124.30018237,76.63049164803459,0.02444493,0.02452725,0.02452725,10930,1,6),(378,0.00002379,0.00001997,54590763.12768826,1239.2103229985235,0.00002266,0.0000227,0.0000227,10916,1,6),(379,0.00000243,0.00000227,17439425.04594119,41.85462011025885,0.0000024,0.00000241,0.0000024,10939,1,6),(380,0.00014576,0.00012934,54011.22888349,7.669594501455581,0.00014174,0.00014414,0.000142,11018,1,6),(381,0.00000788,0.00000738,1772160.55244692,13.2912041433519,0.00000748,0.0000075,0.0000075,11012,1,6),(382,0.0000492,0.00004,5066718.7628017,215.38621460670026,0.00004256,0.00004278,0.00004251,11133,1,6),(383,0.00181974,0.0017001,11102.0494685,19.544269925336767,0.00176042,0.00178897,0.00176042,10945,1,6),(384,0.00267985,0.00232,95570.77945627,235.79318278230392,0.00244,0.00246722,0.00246721,11004,1,6),(385,0.00011495,0.00010968,173211.68895147,19.091392356231022,0.00011022,0.00011111,0.00011022,11046,1,6),(386,0.00000146,0.00000121,28369408.76511431,36.31284321934632,0.00000127,0.00000128,0.00000128,11025,1,6),(387,0.00016342,0.00014745,96314.63637736,15.244680645808542,0.00015828,0.000159,0.00015828,11037,1,6),(388,0.00015225,0.0001419,68987.07817079,10.11833475530977,0.00014668,0.00014904,0.00014667,11126,1,6),(389,0.00042899,0.00033053,157401.27151638,59.014458729636345,0.000371,0.00037493,0.00037493,11087,1,6),(390,0.00005499,0.0000522,48841.7687822,2.6374555142388,0.000054,0.00005453,0.000054,11003,1,6),(391,0.00011118,0.0000969,4888847.22418097,530.4399238236352,0.00010761,0.0001085,0.0001085,10925,1,6),(392,0.000248,0.00017,7104028.86102391,1311.119566590573,0.000184,0.00018456,0.00018456,11078,1,6),(393,0.08835749,0.08138745,8189.65057201,683.8414736217297,0.08350069,0.0835007,0.08350069,10907,1,6),(394,0.00831664,0.00789178,16653.54468904,131.42627744151898,0.00789179,0.00796178,0.00789179,10923,1,6),(395,0.00018493,0.000133,942763.77175558,156.78161524295297,0.00016613,0.0001663,0.0001663,11144,1,6),(396,0.00000386,0.00000325,166314525.78754863,607.0480191245525,0.00000364,0.00000365,0.00000365,10926,1,6),(397,0.01943998,0.01720001,1095.98870895,19.87468116787348,0.01846214,0.0187844,0.01813402,11059,1,6),(398,0.00213757,0.00185043,25419.97154916,47.88995540003998,0.00188397,0.001921,0.00188395,11031,1,6),(399,0.00000024,0.00000022,1809401288.2577624,416.16229629928534,0.00000022,0.00000023,0.00000023,10924,1,6),(400,0.0000083,0.00000732,4042693.47633267,31.047885898234902,0.00000757,0.00000767,0.00000768,11015,1,6),(401,0.00000314,0.00000276,5341402.08199883,16.344690370916418,0.00000304,0.00000306,0.00000306,11064,1,6),(402,0.00013699,0.00011501,172741.96735753,21.926137916691285,0.00012564,0.00012683,0.00012693,11095,1,6),(403,0.00048456,0.00045914,3423.87463365,1.6516428845264235,0.00047295,0.00048223,0.00048239,11092,1,6),(404,0.0000439,0.0000281,52048743.08645936,1776.423601540858,0.00003389,0.00003413,0.00003413,11068,1,6),(405,0.00038498,0.00032323,5854226.48912773,2075.9672553095843,0.000352,0.000354,0.00035461,11098,1,6),(406,0.00002638,0.00002275,247735.47916431,5.920877952027009,0.00002396,0.00002433,0.0000239,10991,1,6),(407,0.000063,0.00004353,1815828.2414897,99.59817904571004,0.0000548,0.00005485,0.00005485,11049,1,6),(408,0.00019845,0.00017548,502475.97695582,90.79238427614712,0.00018005,0.00018069,0.00018069,11048,1,6),(409,0.00001918,0.0000099,101159193.91318487,1750.0540546980983,0.0000173,0.00001734,0.0000173,10957,1,6),(410,0.00002774,0.00002676,96577.37176403,2.60758903762881,0.000027,0.0000273,0.000027,11001,1,6),(411,0.00010552,0.00009921,103434.5304607,10.91234296360385,0.0001055,0.00010553,0.0001055,11002,1,6),(412,0.00311056,0.00295316,197128.70231917,590.4024347329374,0.00299501,0.0029999,0.00299501,10910,1,6),(413,0.07595384,0.06855501,78924.27172115,5793.04154433241,0.073375,0.0734,0.0734,10903,1,6),(414,0.00031598,0.0003005,21809.14854471,6.699552341449464,0.00030351,0.00030767,0.00030719,11013,1,6),(415,0.00073566,0.00066002,170146.57548449,117.41815174184654,0.0006901,0.00069196,0.0006901,10940,1,6),(416,0.00018196,0.00017522,18243.61977692,3.2838515598456004,0.00018,0.000181,0.00018,11022,1,6),(417,0.00503977,0.004545,29295.56425473,141.86025443581948,0.00479209,0.00484237,0.00484238,10920,1,6),(418,0.00000275,0.00000254,5713343.07206667,14.968958848814676,0.00000262,0.00000266,0.00000262,10959,1,6),(419,0.00002219,0.00001702,1866330.90111064,36.262809408579734,0.00001943,0.00001954,0.00001943,10952,1,6),(420,0.00001343,0.00000891,8681392.04599766,114.59437500716912,0.00001301,0.0000132,0.0000132,10987,1,6),(421,0.00000678,0.0000059,31027107.69687068,201.36592895269072,0.00000645,0.00000648,0.00000649,11150,1,6),(422,0.00277001,0.00250437,1178.77117868,3.066820763283543,0.00260171,0.00260773,0.00260171,11032,1,6),(423,0.00043781,0.0004,293279.56229451,126.10727899101636,0.00042926,0.00043,0.00042999,10931,1,6),(424,0.000024,0.0000178,1266269.767478,29.516748279912175,0.00002331,0.00002333,0.00002331,11082,1,6),(425,0.06415389,0.06006049,1483.71100718,90.72894292616706,0.06115001,0.06178799,0.06115001,11097,1,6),(426,0.00001109,0.00000981,1203578.63842614,13.347687100145892,0.0000107,0.000011,0.00001109,11039,1,6),(427,0.00027994,0.00025059,29287.46823415,7.9817137178529,0.00027247,0.00027253,0.00027253,11028,1,6),(428,0.00002876,0.00002667,500701.41026701,13.799330866958796,0.0000271,0.00002754,0.00002756,10992,1,6),(429,0.03,0.02831736,609.51054031,17.980475607669355,0.02907072,0.02949985,0.02949986,10927,1,6),(430,0.00006789,0.00006501,1464952.11453522,98.45943161791213,0.00006683,0.00006721,0.00006721,10918,1,6),(431,0.0000272,0.0000235,245131.5201914,6.358711633764916,0.00002594,0.00002644,0.00002594,11079,1,6),(432,0.00000873,0.0000077,2026271.89990834,16.21017519926672,0.000008,0.00000802,0.000008,10951,1,6),(433,0.0000429,0.00003754,1356183.2835084,55.46789629549355,0.0000409,0.00004091,0.0000409,10995,1,6),(434,0.00004961,0.00004259,609268.18560763,30.09784836901692,0.0000489,0.0000494,0.0000494,11105,1,6),(435,0.00002899,0.00002653,851720.42076383,23.59265565515809,0.00002771,0.0000282,0.0000277,11114,1,6),(436,0.00004995,0.000041,291167.73760519,13.108371546985655,0.00004501,0.00004583,0.00004502,11096,1,6),(437,0.0001665,0.000129,160778.29715982,24.30485518164999,0.00015117,0.00015577,0.00015117,11041,1,6),(438,0.00078885,0.00068782,91600.55166141,68.72239787845625,0.00075067,0.00076764,0.00075024,11011,1,6),(439,0.00034158,0.00032007,25538.18383161,8.508556707177503,0.00033323,0.00033999,0.00033317,11084,1,6),(440,0.00033579,0.00018687,2367304.52079521,680.3396462313353,0.000287,0.00028739,0.00028739,11077,1,6),(441,0.00057499,0.00046087,1806643.0366605,944.6755774394089,0.00052289,0.0005262,0.00052289,11081,1,6),(442,0.00195001,0.0012,633097.07958105,862.5947709291805,0.0013625,0.00137344,0.0013625,11006,1,6),(443,0.0000601,0.00005365,1440338.31662541,83.68365619593632,0.0000581,0.0000583,0.0000581,10942,1,6),(444,0.00029452,0.00028038,185450.99976378,54.12201977106157,0.00028758,0.00029181,0.00029184,11099,1,6),(445,0.00001687,0.00001431,28269031.53677017,426.8623762052295,0.00001504,0.00001505,0.0000151,11085,1,6),(446,0.001589,0.00147071,541770.66322742,849.2959447952003,0.00156763,0.00157198,0.00156763,10911,1,6),(447,0.014119,0.01368001,108709.65609578,1507.9116397045643,0.01387301,0.01394851,0.013871,10906,1,6),(448,0.00347999,0.002819,183705.87178416,547.4104308598756,0.00298,0.003023,0.00297982,11106,1,6),(449,0.00014822,0.000139,684212.61467431,99.36135590300329,0.00014427,0.00014522,0.00014522,10917,1,6),(450,0.00206,0.00186001,164662.15493565,339.204039167439,0.0020576,0.00206,0.00206,11146,1,6),(451,0.00004063,0.00003503,230096.25738649,8.283465265913641,0.00003605,0.00003654,0.000036,11055,1,6),(452,0.0165,0.0155,344.42681342,5.665821080759,0.0162,0.01644973,0.01645,11090,1,6),(453,0.00011969,0.0001115,118965.85334439,13.7881424026148,0.00011586,0.00011769,0.0001159,10999,1,6),(454,0.00253,0.0024,100092.82096537,246.8118807210383,0.00247,0.00249794,0.00246583,11154,1,6),(455,0.00003907,0.00003261,1903370.01603561,66.9034560636517,0.00003546,0.0000359,0.00003515,11030,1,6),(456,0.0000064,0.0000059,6695172.65408683,40.90750491647053,0.00000612,0.00000615,0.00000611,11094,1,6),(457,0.00022799,0.0001985,187678.11922522,38.4740144411701,0.00020592,0.00020799,0.000205,11131,1,6),(458,0.00027599,0.000251,1197794.36218092,314.4210200724915,0.0002625,0.00026332,0.0002625,10933,1,6),(459,0.00028258,0.00025128,120886.96419719,30.3764763634699,0.000252,0.0002523,0.00025128,11029,1,6),(460,0.00549893,0.005142,412363.37244936,2150.5244709281064,0.00521512,0.00521548,0.00521512,11075,1,6),(461,0.00094898,0.00082,46637.78513909,41.5076287737901,0.00089001,0.00090011,0.00089,10949,1,6),(462,0.00003149,0.00002946,737454.15826244,22.130999289455822,0.00003001,0.00003002,0.00003001,10996,1,6),(463,0.00463999,0.00401001,10170.5716718,43.73345818874,0.0043,0.0043096,0.0043,11137,1,6),(464,0.00010363,0.00007898,3407327.03552918,324.20716743060143,0.00009523,0.00009622,0.00009515,10947,1,6),(465,0.00092344,0.00082002,216930.43365019,197.8535713149923,0.00091205,0.00091206,0.00091206,11026,1,6),(466,0.0000199,0.00001739,10221695.27278791,192.06565417568484,0.00001879,0.00001896,0.00001879,10932,1,6),(467,0.00017954,0.00013801,14065728.3788829,2050.0799112221825,0.00014575,0.000146,0.00014575,11034,1,6),(468,0.00279967,0.00261814,929069.96422648,2587.4412689714623,0.00278498,0.00278499,0.00278498,11166,1,6),(469,0.00660384,0.0063,972.48327345,6.378488616060346,0.00655898,0.00655902,0.00655897,10946,1,6),(470,0.00222599,0.002045,20153.08079647,42.11711743331079,0.00205278,0.00208987,0.00208986,11168,1,6),(471,0.0005839,0.00054,851540.83600242,472.8776570488639,0.00055273,0.00055532,0.00055532,11152,1,6),(472,0.000053,0.00002942,3120360.99255881,106.09227374699954,0.00003401,0.00003458,0.000034,11057,1,6),(473,0.00000599,0.00000543,4140698.10372059,22.93946749461207,0.00000544,0.00000553,0.00000554,10954,1,6),(474,0.00089175,0.0008629,167124.97457083,147.70839502519098,0.00088382,0.00088425,0.00088382,11054,1,6),(475,0.00009481,0.00007511,150534.93618114,13.027293377115853,0.00008504,0.00008643,0.00008654,11036,1,6),(476,0.00002134,0.00001872,2394620.67750244,45.71330873352157,0.0000191,0.00001929,0.00001909,10944,1,6),(477,0.00039998,0.00035,104754.20437625,38.748580198774874,0.0003655,0.0003699,0.0003699,10935,1,6),(478,0.00000884,0.000008,1717475.00762357,14.409615313961751,0.00000841,0.00000856,0.00000839,10994,1,6),(479,0.00012428,0.0001092,2726764.67073351,320.94020174533415,0.0001177,0.0001189,0.0001177,11129,1,6),(480,0.00014187,0.00013356,147326.81192629,20.58450216234124,0.00013868,0.00013898,0.00013972,11123,1,6),(481,0.0027,0.00221501,994358.83476343,2576.2743614002234,0.00259013,0.0026,0.00259089,11169,1,6),(482,0.00004749,0.00004273,507239.8076614,21.933049283278937,0.00004324,0.00004363,0.00004324,11086,1,6),(483,0.00126,0.00115164,37354.79116754,46.26428240890997,0.00123851,0.00125199,0.00123851,10943,1,6),(484,0.00014788,0.00013651,62731.19259339,8.7823669630746,0.00014003,0.00014246,0.00014,10997,1,6),(485,0.00000026,0.00000024,481195231.0882097,120.29880777205241,0.00000025,0.00000026,0.00000025,10988,1,6),(486,0.00482862,0.00440001,12608.00664436,59.225480811548884,0.00465405,0.00469764,0.00469745,10919,1,6),(487,0.0001199,0.00009939,9691444.60169853,1065.2835906187026,0.00010913,0.00010992,0.00010992,11062,1,6),(488,0.0001325,0.00011901,205592.56406667,27.053925505533105,0.0001295,0.0001314,0.00013159,11104,1,6),(489,0.00000229,0.00000212,42810578.31755871,97.18001278085828,0.00000227,0.00000228,0.00000227,11051,1,6),(490,0.00029029,0.0002635,34757.89732194,9.388455645629213,0.00027019,0.00027604,0.00027011,10964,1,6),(491,0.00000133,0.00000123,293714376.9957743,384.76583386446435,0.00000131,0.00000132,0.00000131,10921,1,6),(492,0.0000383,0.00003471,243106.24318273,8.873377876169645,0.0000365,0.00003659,0.0000365,11070,1,6),(493,0.00034482,0.00031246,63000.45915714,20.743531182079916,0.00032323,0.00032919,0.00032926,11073,1,6),(494,0.00032515,0.000285,141973.40268788,41.05302912122738,0.00028501,0.00028916,0.00028916,11083,1,6),(495,0.00004542,0.00004361,44021.52431727,1.9972565582745399,0.00004537,0.00004538,0.00004537,10993,1,6),(496,0.00360804,0.00340156,1237.86953206,4.27105838255258,0.0034356,0.00350034,0.00345033,11050,1,6),(497,0.00005496,0.000044,2159083.92449114,113.35190603578486,0.00005213,0.00005318,0.0000525,11072,1,6),(498,0.00032343,0.00029016,16966.66374038,5.378432405700461,0.000317,0.00032166,0.000317,11035,1,6),(499,0.00000657,0.00000558,36531152.4864233,234.89531048770183,0.00000642,0.00000643,0.00000643,11142,1,6),(500,0.000571,0.00053,13035.09788717,7.386468568743752,0.00056666,0.00056907,0.00056666,11033,1,6),(501,0.00048499,0.00040104,46988.16669376,21.146554538859753,0.00045052,0.00046164,0.00045004,11023,1,6),(502,0.0000103,0.00000811,2375385.57319393,20.45206978519974,0.00000861,0.00000863,0.00000861,11005,1,6),(503,0.00031509,0.000293,343000.3314368,104.97525143623264,0.00030605,0.00030606,0.00030605,10914,1,6),(504,0.0001388,0.00011624,1592660.84745725,203.0642580507994,0.0001275,0.0001276,0.0001275,11156,1,6),(505,0.001244,0.00116045,421796.07357738,493.9274201198478,0.00117101,0.00117658,0.00117101,10912,1,6),(506,0.00026162,0.00024,26196.23261733,6.785348172540816,0.00025577,0.00026154,0.00025902,11014,1,6),(507,0.000425,0.00040501,22401.1786064,9.519156837003617,0.00041711,0.00042494,0.00042494,11088,1,6),(508,0.00004199,0.000038,403591.32225691,15.941857229147944,0.0000395,0.00003983,0.0000395,11066,1,6),(509,0.00005115,0.00004725,4696151.32403258,229.1721846127899,0.0000487,0.0000488,0.0000488,10922,1,6),(510,0.00000359,0.0000032,7956104.68830521,26.573389658939405,0.00000333,0.00000334,0.00000334,11000,1,6),(511,0.0062,0.00460004,3315.43657385,16.643491600727,0.005025,0.00512595,0.00502,11089,1,6),(512,0.000398,0.00035746,313702.05877776,119.61459501195989,0.0003802,0.0003813,0.0003813,11112,1,6),(513,0.00068657,0.000533,36502.14000142,24.091412400937198,0.00066,0.00066999,0.00066,11093,1,6),(514,0.00039441,0.00027211,6446208.41229711,2481.7902387343875,0.000385,0.000386,0.000385,11067,1,6),(515,0.00008698,0.00006981,1723260.42391684,146.4771360329314,0.00008498,0.000085,0.000085,11100,1,6),(516,0.00001494,0.00001278,1907545.27790827,27.010841135181103,0.00001401,0.00001402,0.00001416,11008,1,6),(517,0.000098,0.000086,71792.20433205,6.99471446807163,0.00009743,0.00009753,0.00009743,11040,1,6),(518,0.00046999,0.00041093,374180.02673843,158.65233133709432,0.000424,0.00042766,0.000424,11080,1,6),(519,0.0000643,0.00005844,161804.54169335,10.404032030882407,0.000064,0.0000643,0.0000643,11065,1,6),(520,0.02900013,0.02304002,1019.27686049,26.08768794320781,0.02559449,0.02609877,0.02559431,11010,1,6),(521,0.00030886,0.0002279,883455.54793048,255.0624512430089,0.00028871,0.00029059,0.00028871,10938,1,6),(522,0.00001581,0.00001334,7604673.45654573,113.23358776796591,0.00001479,0.0000148,0.00001489,11047,1,6),(523,0.00009522,0.000081,730339.54652046,61.260881162136194,0.0000826,0.00008387,0.00008388,10953,1,6),(524,0.0004915,0.00045038,14393.70341502,7.03852096994478,0.00047265,0.00048882,0.000489,11069,1,6),(525,0.00021218,0.00017834,1329667.96313188,246.57362708317584,0.00018489,0.00018544,0.00018544,10936,1,6),(526,0.00006,0.00004025,1589525.47860249,89.01342680173943,0.000056,0.00005626,0.000056,11024,1,6),(527,0.00101083,0.00096129,207139.22937937,205.27497631495564,0.00099039,0.00099874,0.000991,11061,1,6),(528,0.000177,0.000155,1043640.35069123,177.19969514386395,0.0001678,0.00016979,0.00016979,11103,1,6),(529,0.00005643,0.00004977,412065.82952837,21.88069554795645,0.000052,0.00005276,0.0000531,11071,1,6),(530,0.00335,0.00292923,36682.14165286,121.05106745443801,0.0033,0.003325,0.0033,10937,1,6),(531,0.00000056,0.00000051,21784399.09411381,11.76357551082146,0.00000053,0.00000054,0.00000054,11007,1,6),(532,0.00014608,0.00013145,1717552.3565634,237.91535243116215,0.00013852,0.00013867,0.00013852,11145,1,6),(533,0.0000596,0.00005574,9314657.06552856,552.0797242738778,0.00005905,0.00005927,0.00005927,10908,1,6),(534,0.00000338,0.00000295,23372498.26471762,77.5966942388625,0.00000332,0.00000334,0.00000332,11043,1,6),(535,0.00007432,0.00006618,268464.69050555,18.392515946535234,0.00006859,0.00006989,0.00006851,11019,1,6),(536,0.0262,0.02480823,17690.26144621,444.025562299871,0.02515006,0.02519193,0.0251,10909,1,6),(537,0.00000063,0.00000059,21213288.15415209,12.940105774032775,0.00000061,0.00000062,0.00000061,10989,1,6),(538,0.00004947,0.00004723,18927276.33277664,893.9352611970407,0.00004743,0.0000475,0.00004723,10905,1,6),(539,0.00005063,0.000045,227124.62276017,11.499319650347408,0.00005012,0.00005029,0.00005063,11009,1,6),(540,0.00016979,0.00013131,410729.80786026,57.502173100436394,0.00014064,0.000142,0.00014,10960,1,6),(541,0.00000165,0.00000155,306011056.7179117,483.4974696143005,0.00000158,0.00000159,0.00000158,11053,1,6),(542,0.00000355,0.00000314,7832108.89205816,26.785812410838908,0.00000342,0.00000343,0.00000342,10998,1,6),(543,0.00200416,0.00177909,65166.11027829,125.73931310416613,0.00191001,0.00192964,0.00192952,11074,1,6),(544,0.000643,0.00038007,211742.61291638,123.8694285560823,0.00057508,0.000585,0.000585,11076,1,6),(545,0.04985821,0.047691,10805.002665,520.4903765763546,0.0482631,0.04834821,0.04817124,10913,1,6),(546,0.0019,0.00175625,13598.84136928,24.72949303003568,0.0018185,0.0018301,0.0018185,11121,1,6),(547,0.00138833,0.00108974,319605.46856893,406.0044148871689,0.00127033,0.00129928,0.00127033,11124,1,6),(548,0.00014037,0.000125,333313.84421065,44.57406038629023,0.00013002,0.00013681,0.00013373,11149,1,6),(549,0.00227724,0.00200956,123501.40992201,265.3180789354541,0.00214688,0.00216414,0.0021483,11159,1,6),(550,0.006401,0.0061,7985.87605583,49.11473491856567,0.00615038,0.00628345,0.0061502,11118,1,6),(551,0.00095162,0.0008465,3567136.7413054,3032.4586151511335,0.00085271,0.00087121,0.00085011,11119,1,6),(552,1.74989899,1.58699999,700.75978218,1157.4927380590464,1.63000101,1.65176806,1.65176822,11177,1,6),(553,0.00777273,0.00746434,35835.88116247,275.82196849011075,0.00746878,0.00769694,0.00769681,11136,1,6),(554,0.00032,0.00028,1998175.53555888,631.3235604598282,0.00030653,0.00031555,0.00031595,11185,1,6),(555,0.00069999,0.0005325,373837.69870082,217.17727268325433,0.00058094,0.00059371,0.00058094,11134,1,6),(556,0.00218057,0.00198511,8292.19234318,17.25041357536422,0.00195538,0.00208032,0.00208032,11127,1,6),(557,0.001523,0.00135,402303.50221727,584.5590578267598,0.00145549,0.00148315,0.00145303,10976,1,6),(558,1.23,1.12600001,175.32926934,199.06891903375836,1.12600194,1.15421888,1.13540038,11160,1,6),(559,0.00005252,0.0000455,2375941.88017527,118.15558970111618,0.00004973,0.00004992,0.00004973,11183,1,6),(560,0.26341656,0.24873674,164.2910377,42.442159725347416,0.2554706,0.26226916,0.25833521,11060,1,6),(561,0.0439,0.04011124,16987.02169931,689.673250862203,0.04064001,0.04110628,0.04060001,10970,1,6),(562,0.06982336,0.059,2926.99844907,184.63263275862286,0.06314942,0.06736169,0.06307917,11184,1,6),(563,0.0000957,0.00008274,4769776.67233239,424.60551937102935,0.00008801,0.00008902,0.00008902,11151,1,6),(564,0.43,0.39721158,152.48682677,60.569533390497995,0.39731839,0.41872808,0.39721158,10977,1,6),(565,0.0009825,0.00088782,355701.10878616,323.0192909108876,0.00090811,0.00092157,0.00090812,10974,1,6),(566,0.00067417,0.0005997,33758.44313703,22.395351177105702,0.00065438,0.00068,0.0006634,11107,1,6),(567,0.00039958,0.00036329,64250.89041524,24.02469294406654,0.00037326,0.00038964,0.00037392,11115,1,6),(568,0.00424999,0.0038,1569.54496875,6.274883830565625,0.00383557,0.00399799,0.0039979,11128,1,6),(569,0.20510116,0.18325001,8545.97998436,1611.2661594146211,0.18854084,0.189979,0.18854083,11140,1,6),(570,0.05,0.03839649,9543.0530183,396.45573571748355,0.04122412,0.04156471,0.04154391,11109,1,6),(571,0.02855354,0.02528004,11580.50092901,324.13822100298995,0.028,0.0280035,0.02799,11147,1,6),(572,0.03635703,0.03325514,4357.53101941,145.91061892563803,0.0334847,0.0337831,0.0334847,11155,1,6),(573,0.00332977,0.0028,18223.54744228,51.17773498857819,0.0028085,0.00288442,0.00280833,11132,1,6),(574,0.079,0.06950001,47168.56432788,3389.0401211042304,0.07077012,0.07184885,0.07184955,11174,1,6),(575,0.06403266,0.05340384,975.00093134,56.966359915383556,0.05502882,0.05947025,0.05842698,11138,1,6),(576,0.03939998,0.03620001,211487.59503488,8053.8705941183,0.03781811,0.038082,0.038082,11167,1,6),(577,0.0083446,0.00740001,161912.11880756,1218.5765120847057,0.007502,0.00752616,0.00752616,11153,1,6),(578,0.00184,0.0015062,97762.48798838,156.27138179966568,0.00156061,0.00159848,0.00159848,11130,1,6),(579,0.002184,0.00181302,40839.88343808,78.47546962160826,0.00183325,0.00191726,0.00192154,11125,1,6),(580,0.0361,0.03190001,73988.07612317,2626.576702372535,0.03511004,0.0355,0.0355,11170,1,6),(581,0.06849765,0.06182108,3910.38058225,243.86564510204104,0.06222501,0.06368756,0.06236366,10975,1,6),(582,0.00185151,0.00163,18517.49504507,32.23062600069659,0.00174651,0.00180982,0.00174055,11108,1,6),(583,0.00001846,0.00001686,20420262.76725678,365.72690616156893,0.0000179,0.00001792,0.00001791,11161,1,6),(584,0.000745,0.000575,477692.05709117,352.03993839390864,0.00071835,0.00074372,0.00073696,11110,1,6),(585,0.00008995,0.00008,8174707.4781008,711.1995505947696,0.00008602,0.00008757,0.000087,11143,1,6),(586,0.00196491,0.00159802,127434.32625804,220.33395010015118,0.00172903,0.001734,0.001729,11157,1,6),(587,0.0177,0.01560033,21285.18614446,346.46131624385134,0.01581083,0.01627305,0.01627711,11182,1,6),(588,0.07147154,0.06766587,62.02667049,4.23905958876294,0.06834253,0.06970923,0.06834253,11139,1,6),(589,0.00565846,0.00509999,24141.85982001,123.123485082051,0.00510006,0.005202,0.0051,11113,1,6),(590,0.00117333,0.00101866,84679.21554072,98.2168817292149,0.00115987,0.00117236,0.00115987,11117,1,6),(591,0.01459469,0.0132,9343.78162033,124.27528556050751,0.01330035,0.0137001,0.01330032,11181,1,6),(592,0.00252165,0.00206092,37133.87582694,85.89399683653663,0.00225017,0.00231309,0.00231309,11102,1,6),(593,0.00082613,0.00076014,228293.99290382,183.77666428757513,0.00080011,0.00081505,0.000805,11172,1,6),(594,0.00004573,0.00004035,1579529.76883457,72.23189632880488,0.00004439,0.00004638,0.00004573,11173,1,6),(595,0.37799483,0.33946,1496.3398779,513.1137381607764,0.34000069,0.34291257,0.34291256,11171,1,6),(596,0.00072198,0.000645,1236466.69908898,802.4668877087479,0.000649,0.00065252,0.000649,11141,1,6),(597,0.701,0.65000011,1241.17541502,820.0245393090073,0.6551,0.66068353,0.66068384,10972,1,6),(598,496.99999999,430,5779.1577801,2814449.8389087003,486.00000001,487,487,11178,1,6),(599,4079,3585.1,10228.58438341,41519869.72913787,4060,4060.68154793,4059.2,11045,1,6),(600,350.8,288.46500001,2294.58037899,773273.58771963,337,337.00000001,337,11176,1,6),(601,12.19899988,10.769,110942.75453034,1343738.642871478,12.112,12.18889996,12.112,11164,1,6),(602,299.062,245.65000005,47475.47314213,14189469.412719814,298.88,299,298.88,11101,1,6),(603,56.5,49.14600017,72288.37864579,4062606.879893398,56.20000003,56.5,56.2,11163,1,6),(604,21.45,19.11,231010.54179068,4892572.241483757,21.00000015,21.1789999,21.1789999,11180,1,6),(605,102.69999982,92,6971.55842215,713190.4265859451,102.3,102.49799999,102.3,11175,1,6),(606,0.194,0.1768,5589386.86350656,1073162.2777932596,0.19200001,0.19299999,0.192,11165,1,6),(607,197.63999997,170.20000001,4249.61329773,825287.609017903,194.20299002,195.99999998,194.20299006,11162,1,6),(608,11.38,9.48,338516.28868863,3814740.0572321713,11.269,11.32,11.269,11162,1,6);
/*!40000 ALTER TABLE `marktupdatehistory` ENABLE KEYS */;
UNLOCK TABLES;

--
-- Table structure for table `timestamp`
--

DROP TABLE IF EXISTS `timestamp`;
/*!40101 SET @saved_cs_client     = @@character_set_client */;
/*!40101 SET character_set_client = utf8 */;
CREATE TABLE `timestamp` (
  `idtimestamp` int(11) NOT NULL AUTO_INCREMENT,
  `time` int(11) NOT NULL,
  PRIMARY KEY (`idtimestamp`)
) ENGINE=InnoDB AUTO_INCREMENT=7 DEFAULT CHARSET=utf8;
/*!40101 SET character_set_client = @saved_cs_client */;

--
-- Dumping data for table `timestamp`
--

LOCK TABLES `timestamp` WRITE;
/*!40000 ALTER TABLE `timestamp` DISABLE KEYS */;
INSERT INTO `timestamp` VALUES (1,1505740144),(2,1505740200),(3,1505740253),(4,1505740381),(5,1505740461),(6,1505740558);
/*!40000 ALTER TABLE `timestamp` ENABLE KEYS */;
UNLOCK TABLES;

--
-- Final view structure for view `marktlijstvolv1`
--

/*!50001 DROP VIEW IF EXISTS `marktlijstvolv1`*/;
/*!50001 SET @saved_cs_client          = @@character_set_client */;
/*!50001 SET @saved_cs_results         = @@character_set_results */;
/*!50001 SET @saved_col_connection     = @@collation_connection */;
/*!50001 SET character_set_client      = utf8 */;
/*!50001 SET character_set_results     = utf8 */;
/*!50001 SET collation_connection      = utf8_general_ci */;
/*!50001 CREATE ALGORITHM=UNDEFINED */
/*!50013 DEFINER=`root`@`localhost` SQL SECURITY DEFINER */
/*!50001 VIEW `marktlijstvolv1` AS select `hl`.`handelsplaatsNaam` AS `handelsplaatsNaam`,`mn`.`marktnaamDb` AS `marktnaamDb`,`ml`.`naamMarkt` AS `naamMarkt` from ((`marktlijsten` `ml` join `handelsplaats` `hl` on((`hl`.`idHandelsplaats` = `ml`.`idHandelsplaats`))) join `marktnaam` `mn` on((`mn`.`idMarktNaam` = `ml`.`idMarktNaam`))) */;
/*!50001 SET character_set_client      = @saved_cs_client */;
/*!50001 SET character_set_results     = @saved_cs_results */;
/*!50001 SET collation_connection      = @saved_col_connection */;
/*!40103 SET TIME_ZONE=@OLD_TIME_ZONE */;

/*!40101 SET SQL_MODE=@OLD_SQL_MODE */;
/*!40014 SET FOREIGN_KEY_CHECKS=@OLD_FOREIGN_KEY_CHECKS */;
/*!40014 SET UNIQUE_CHECKS=@OLD_UNIQUE_CHECKS */;
/*!40101 SET CHARACTER_SET_CLIENT=@OLD_CHARACTER_SET_CLIENT */;
/*!40101 SET CHARACTER_SET_RESULTS=@OLD_CHARACTER_SET_RESULTS */;
/*!40101 SET COLLATION_CONNECTION=@OLD_COLLATION_CONNECTION */;
/*!40111 SET SQL_NOTES=@OLD_SQL_NOTES */;

-- Dump completed on 2017-09-18 15:18:36
